Filename,Transcription,Audio File,Speaker Accent,Register,Loan Word Languages,Genders Present,Speaker Count,Region
06Label_16k.wav,متوسطة ولا ميسورة كيبان لينا أو ما كنحسوش بهاد الأمر ولكن إمتا كتحس به لما كتكون أسرة عندها دخل متواضع نعم و بتأثير من الأطفال كنشوفو واحد الميزانية تخصص صحيح للصبيب ديال الإنترنت من أجل نعم يعني داخلة في الإهتمامات ممكن الناس تخلا لا أنا ما تخلصش مجموعة من الإلتزامات الشهرية ولكن لا كتقول لك الأم والأب ما نقدرش. نعيش. لأنه خصنا,06Label.wav (https://v5.airtableusercontent.com/v3/u/54/54/1780862400000/IFwV8r61RVU_siAnkljAYw/O2zNUOwizFOnb1owthut56XQmU-bw_i_QltCxds4R4gAWtsyKH-Xz4KursXXhKsE7HsFBtegkh0kIXJA6W8FEiS_TF7S31Yp7N2HdcdFPd1oFzXp4EpXDi3seFETS3ApbsamABSZ2Wj3eEPRCLahQdsSynCpE6Hrb1Nj_jaC5xw/_PQJdfw0BuFjnqNC8HRlRTtW1Hy6U8uo3IBFIuc7Zgk),Of Casablanca,Mixed/Educated Moroccan Arabic,,"Female,Male",2,Tangier
09Label_16k.wav,العنف فالشارع. العنف فالشارع. للأسف. وما كاينش ما كاينش إضافة إلى ذلك واحد النوع ديال ديال سميتو ديال عدم عدم التواصل لأنه الاجتماعي بين الأسر ما بقاش التواصل بشكل مطلق لأنه كتدخل للبيئة الأسرية كل واحد في عالمه الخاص ما بقيناش هذاك التواصل الأسري ما نهضروش على الأزواج على التفكك الأسري ولكن على هاد الجيل على هاد الفئة.,09Label.wav (https://v5.airtableusercontent.com/v3/u/54/54/1780862400000/aZLakgJO_umtUTqJQUYXBg/Av7QKiZUwcOBrs6y-uOjf-nFqNjRWqNe0U0yY3pZyqoa-wU3FXj5z4CYc4MpRz_A2r7o4hutaljmVU-K9-o759MCAYqrHbJ0P4o28UatUjTCghuaoUKIA5Q1StmYTCbu5ACXRinWV893crvu0c6wK3qI4HAnt-WWKZ1uWX6dgbk/czk0gVf5vOTsybZAWmLClUHQ523fueWeP6jII7gjPOc),Of Casablanca,Mixed/Educated Moroccan Arabic,,"Male,Female",2,Tangier
13Label_16k.wav,وهاد حتا هاد الأب لي كنتساءلو هاد الأطفال فهاد الساعات طوال أين هم حتى هما غادي يكونو فراحة وشابرين التيليفون وهادي وأمور لي هي عادية. أنا لا بد دكتور ما نتكلمو على السياسة ونتكلمو على الإرادة الحقيقية للدولة. هل ترى أنه برنامج انتخابي بما أننا حنا على الأبواب يضع الطفولة في صلب الإهتمامات وأنها راه مايمكنش نتكلمو على تنمية حقيقية إلا ما اشتغلناش على الطفولة.,13Label.wav (https://v5.airtableusercontent.com/v3/u/54/54/1780862400000/LUjwfE8xJfNEdE5O3_OOPg/1pXMVVolW5tuboPzfibzM6dfle_DP03NaPk-dzrDRw1W1yzgHKCS8XlEfxotcg-E1RjQrzUNxMNGs7Oo4r67u0AfDtSl_fxc8VGkKpBT61YStA-I-rR0Qra8a-A64Iz3eCgp_Bl4jJ_bPSAryd6QaPVBFJ_z4ba6-SWUIWDDFTY/j3t51uLm0rq-yESuhi2wCKDImXr7z1HFpGfdyXnCt_A),Of Casablanca,Mixed/Educated Moroccan Arabic,,Female,1,Tangier
e0vjzUiBgy8_segment_05.mp3_16k.wav,بالأخص أوروبية. لماذا لا البحث عن مثلا بلدان اسيوية نخص بالذكر اليابان لأنهم سباقين فهاد الميدان هدا ويمكن تا هما بالخبرة ديالهم وبالتقنيات لي عندهم يمكن يجيو حتى هما فإطار التعاون الثنائي المغربي الياباني ويمدو لنا يد المساعدة ونشوفو شنو هما التقنيات لي يمكن لها تكون يقدرو يلقاو يقدرو يلقاو يقدرو يلقاو يعني تنعتقد بأن من الممكن من الممكن,e0vjzUiBgy8_segment_05.mp3.wav (https://v5.airtableusercontent.com/v3/u/54/54/1780862400000/u0i5dVXamE-8GE4C82biXw/CoiWZbmdYx4MXsKn3IqV4SQVpTD_5lxXYmXts5OtN6hRIi4RkBvVy0XhQo47Tz90PTZNrw9Htl41abrk5AXfFoMnbcnr_3ykUNQ1Nid2sdRqu6HVC1uqeHZQNXG8ssjrTMezQLF2fwxZ0VYC4f_tkhBxJeJy_alhqfvwXpu7OUc6i3mYSgi0EhDbNzUQLuYv/Uk_moqVlLllUbGvstJZuiXBwz26mdjatX3TWsjIZITc),Of Casablanca,Mixed/Educated Moroccan Arabic,,Male,2,Tangier
e0vjzUiBgy8_segment_06.mp3_16k.wav,متيبقاشاي كدور ديال تنفيذ بعض المطالب فقط، بل هناك آفاق مستقبلية تيمكن لها ترسمها الناس لي مكلفين بالغرفة من ناحية المنتخبين على رأسهم الرئيس بجميع الأعضاء لي معاه، وكذلك الدور ديال المديرية لي هي أداة لي تيخصها تساير جميع المشاريع لي كاينة فالمنطقة، أخص بالذكر أولا بناء,e0vjzUiBgy8_segment_06.mp3.wav (https://v5.airtableusercontent.com/v3/u/54/54/1780862400000/SAQC8apShha-mB8B7DDiZw/fUCtADtD7IAntvR4OC4k__Fn-50LTPelLPUuxVYJgPBuHS4ucCGFhEJokFq3p7eiqavjRpnj0Bn86y4bX8ySYBWOftZPAY5F1k-v_5-JlQzI5AWsZSPGjBarDK3sBYKWeHOGs8vyyp5ExKecNQYH_1KG0xjGXkv_TcI898dgrmqyb87E6CND7r0hMZB8ny_D/1vLfhm2rCTP0vTjhEA-KcNyZ4AmPCTmdUbKpliWTgJA),Of Tangier/Tetouan,Mixed/Educated Moroccan Arabic,,Male,1,Tangier
radio_20250705_201647.mp3_16k.wav,المنتخب الإسباني بطل العالم و خورخي فيلدا فأول مواجهة ديال زامبيا كان تفوق عليهم بخمسة لزيرو ولكن مع لا روخا. الكرة عند المنتخب الوطني كتمشي لعند سكينة الوزراوي، سكينة الوزراوي la passe ديالها شوية ناقصة في اتجاه نجاة بدري، نجاة بدري لي غادة للبريسينغ، نفس الشيء بالنسبة لغزلان الشباك و كنلاحظو أن اللاعبات ديال الوسط لاعبين بشركة بشكل دينامي، يعني ماكيجلسوش فمكان واحد وكاين واحد التعاون واحد التآزر à la perte du ballon يعني البريسينغ,radio_20250705_201647.mp3.wav (https://v5.airtableusercontent.com/v3/u/54/54/1780862400000/JMkIYjIGuQXoKyQQaNbdEg/Kkj96-2zqcKt0kv8hEC67di4Q6C_gaCv5So2Q42E6hk66Q2YZG94bqHfvaWFa9y6YrYZUApgpFrG1G-Xl1HcI-ms7J6QNYMoBYCsNnHjl_zrKwnrWsBtRss8PMX1MBV6E-SyuXRdahqjBwyJFVhuXHaLx-RXW-Za1CvSG8mvcu7PXyXard5f3rkBexSUymx4/UUKkNBkSOFI2pO2ghToKCvmvqqUP2RVOIE4RAIm-ckY),Of Casablanca,Mixed/Educated Moroccan Arabic,French,Male,1,Tangier
Tangier_1-53_16k.wav,وكذلك الوطنية وكذلك الدولية يعني برنامج يعني شامل وخصوصا يعني كنعرفو أن يعني حتا للجمعيات وفمثل هذه المناسبات ديال التظافر والتضامن وكذلك الجمعيات ديال كرة السلة ذوي الاحتياجات الخاصة حتا هما يعني دائما وأبدا كتمر عليهم يعني مرة بالتدقيق ومرة يعني بحضور يعني حتى التظاهرات الوطنية,Tangier_1-53.wav (https://v5.airtableusercontent.com/v3/u/54/54/1780862400000/R26CJdzssb8zVLRiwmgVMw/OUdMo14QnzWAa0uRIJjEuf68oqCjvq_vWrr-x3eT89zYy56An_CgNeowvHNygToIbtsV31dBS41pnH4g5ofydyXBejtlOQWWtGWRTt7D4nHiVXL8f8-_P973axrjJt6pbH-I-ebF5a31DYt4AXt0EIlAB22fBjPWTeaB8bSaRXU/tUW31bWBKET3XBDjERX4p_RsWAdQ2zAeXhaVHuldhhQ),Of Casablanca,Mixed/Educated Moroccan Arabic,,Male,1,Tangier
Tangier_2-122_16k.wav,ديال المنظمة. ف وبقيت فالمجال لي كنت اشتغلت عليه وهو كل ما يتعلق بمجال الشغل أو العمل وكل ما يتعلق بالحوار الاجتماعي والحريات النقابية. فأنجزت كذلك عدد من الدراسات لي كتسمى فالمشرق العربي كيسميوها أوراق سياسات لي كانت محط إما منشورة لدى هذه المنظمات بمواقع,Tangier_2-122.wav (https://v5.airtableusercontent.com/v3/u/54/54/1780862400000/taCfEJVgBOI430up6JD5Tw/z8ry7BraUOoOhT2m-7es4BOK51OtfPMErgNZ5h0pwIT_iUaw9HrgkVb7KRzCO_wE88_xmjZ_K5XUAm2jHUOK3jawWIAlAA6C2ukgsoR5NlVhNfWDK0ZEYus_d-ZKahK8f_gFB9AhGELlhuAasD6ow-AglgIlK32rvpEV_XO1GSw/ZPX1dBhUqMPWiNlCTHxU6mAQWOuBXAXFD0K5l88BYhk),Of Casablanca,Mixed/Educated Moroccan Arabic,,Male,1,Tangier
Tangier_2-138_16k.wav,المركزيات النقابية أي الطبقة العاملة ومصالح كذلك ما نسميه رجال الأعمال أو الباترونا وكذلك الجمعيات المهنية وبالتالي كان عليك أنك تدير ما يسمى الحوار الاجتماعي ما بين كل هاد الاطراف وهاد الحوار ماشي فقط في مجال الشغل لأن كانت عندي حقيبة التكوين المهني يمكن نقول كنعتز بواحد المجموعة من الاصلاحات لي دخلات نقدر نقول,Tangier_2-138.wav (https://v5.airtableusercontent.com/v3/u/54/54/1780862400000/uED9EU4-cdA8mZow8T6KUw/03D99kLOYhAnQG2W0lAbUMR-piNstGMRFqy4gKa2qbIq5lTu2SRrVxv1Z83vfYrN1CWMEd9mnJOUq8s25q3qGAF6nIROjtyaDWTXoAH0-zxQvRLc9EY-x3Vh-LIk4lRAdWBPGW16c9o0_6OTaobtqh-iUNsZCSyHbXZ3MibA0nU/gONuSG48dJV4Q0K0g29Ts-tRqZZSuTHfpFsWV_MU4Qg),Of Casablanca,Mixed/Educated Moroccan Arabic,French,Male,1,Tangier
Tangier_2-141_16k.wav,لي سمح نقول اليوم بكل اعتزاز بالصيغة التي أحدثنا هاد المركز ديال التكوين أنه صبح منارة وإشعاع لاستقطاب أكبر الشركات فمجال الطيران فالمغرب. جميل. ويعود له الفضل اليوم هاد المركز أنه استقطب أكثر من مئة و خمسين شركة ربما كتشتغل اليوم وفتطوير الصناعة ممتاز ديال المغرب فمجال الطيران.,Tangier_2-141.wav (https://v5.airtableusercontent.com/v3/u/54/54/1780862400000/mkJxDLg4OMyof9kOFS6GVQ/S2DbVc1251qz2jFGEIaNCIaSGvO0cvcYROHJGBaxoOnlHW8rGD0fWVgMNoXN2nszUI-3AU-uvVc3sgFLUHf3NoG-otgwWrdE5ftKVsPB2cMotsw13UTg0adlJKw9-z3a4P7Azo7TjiCTEFVfkiMWURFfA1ufJ_l8U6Bx4RvZpM0/uMwW7COxQNMheE5FMAnbpBc3xsQBz5ZEg8AOdiGFUUw),Of Casablanca,Mixed/Educated Moroccan Arabic,,"Male,Female",2,Tangier
Tangier_2-151_16k.wav,راجعتهم شوية، ثم بديت كنكتب على مرحلة الطفولة. قلت أجي علاش ما نكتبش على مرحلة الطفولة ديالي كي جرات، بديت كنتذكر من الذاكرة. أنا ما عنديش شي مراجع. نعم. من الذاكرة. فكتبت هديك واحد مجموعة من الصفحات لي صبحت بحال شي فصل على الطفولة وكنت مقرر أنني نواصلها، لكن انقطعت بفعل واحد الانشغالات. ثم كانو بعض الأصدقاء لي كنا كنجلسو فبعض الجلسات,Tangier_2-151.wav (https://v5.airtableusercontent.com/v3/u/54/54/1780862400000/mqpzzFv-zkbGKWZIbWMm1A/cPrbP3X_hlstUOFShFBJeCPBVPeAfE-61YIKVN-u7vbiLGC4mA6XprMvI5R1fkGL3YoIYWzRNq94-WVVZ6LbuihIfgPVEKyLlFu-lq8XigpSnXb7CMeJ_-W8nlK1Spum-CPit8VyfM14FeEXvxNCHd9k8C-ewrphhy5uF4UmNPM/c1toQVh4H-gvEvq-HyITGF0F5PvPEXSkmY-hPRINcW0),Of Casablanca,Mixed/Educated Moroccan Arabic,,"Male,Female",2,Tangier
Tangier_3-01_16k.wav,حتى هنا في Paris خرجت فل نتاع تاع حرائق واضرابات ال شو اسمهم ال les banlieues قبل سنوات يعني خرجت أيضا وطالبت قالت هادو هادو صحيح قد يكونو مغاربيين لي يخرجو فل أو أفارقة يخرجو فالمظاهرات ولكن أنتم حصرتوهم فدوائر أنتم قلتو لهم أنتم لا تشبهون الاخرين أنتم قلتو لهم أنتم ربع فرنسيين وهم فرنسيين نعم ويقدمون يوميا,Tangier_3-01.wav (https://v5.airtableusercontent.com/v3/u/54/54/1780862400000/Be21ssqhr61VPkD6DkiYYQ/opSZSBgdVPD1CoT-wLQMs2ikmHQwuJ3JojApoFVhNuZFQisky1oQz9NLU1rEpynYsZU6ETbWjBsyL8bMXZBkXC3xk1Tbl_XPAR9itILjRmxGqmQxjzG8r-1QLIZqRXwztBDOlYSAPMB39at0p01VMr-H2gQhrRcua38uuNDJ4rQ/XznqM5Z0SGN9pyk57RQREEUHzgg_t0BZLWE0LTNFQ1E),Other,Mixed/Educated Moroccan Arabic,French,Male,2,Tangier
Tangier_3-05_16k.wav,بغات نعم تبقا تبقا هديك الجذوة الحرارة نتاعها هديك الجمرة هديك نعم هي تكتمل هاد الجمرة هي جمرة هي جمرة رمزية أيضا نعم جمرة قبلتها من الأربعينيات وهي تعاني وتقاسي اشتغلت فكل الأماكن لي ممكن تتخيلها تبحث ما عندهاش وين تبات تبات والدها وأمها ماتو بال بالتيفيس لي كان مرض قاتل يعني في ذلك الوقت توجد نفسها في الشوارع بسيدي بلعباس أو في تالة لي هي,Tangier_3-05.wav (https://v5.airtableusercontent.com/v3/u/54/54/1780862400000/kO8ZviYeUoYA3OW6ox5BYQ/qgIWvjOMrcQIqbI0G1cmMuycsrn-X5B0WtnWv7J99mNv61TlttXQ15jpYgLZd7NI0SjjRS7ruo2m22280pDdQD5fG08MumKRXbeSY9QycoehVhNLRPWi-5x_oXSla-x1V_B7A9xAmn3NTAB2Is3mv4nHfdggFFXOmdVUN6AWdl8/KDTr8V7eS3mPuYYokWbQKv9MFdshT8y112e1kh4fShs),Other,Mixed/Educated Moroccan Arabic,French,Male,2,Tangier
Tangier_3-07_16k.wav,هذه الأغنية واد الشولي لي استشهدو فيه مجموعة من من من الضباط الجزائريين في عملية غير متوازنة في منطقة تلمسان كانوا الفرنسيين أقوياء بالجيش بال والبقية قليلة ولكن بالحيلة والذكاء استطاعو أنهم يفرضو نفسهم ولكن استشهدو يعني في نهاية المطاف نوع من من الاستشهاد في سبيل الوطن في ذلك الوقت وهي تصف استشهاد هؤلاء الشباب يعني,Tangier_3-07.wav (https://v5.airtableusercontent.com/v3/u/54/54/1780862400000/b-A6ltpTXzj7v0IBl4zVTg/ENJWttMRigMBAU0NYL3mlr-NqIjzcfGUtSFapyaqAE2FLGzFGKtzTfyTUtxPcreLaT6j6_D1viMFVXA488MOb8OGT1U-yCZJfPRJCMn-KgjFAiBpnuVPPeKqMf84o1htGU9I9UmFVvsRyEtJUZrOSxqGYxgIDBuqDq9v4DmbExA/DT802mGo1dckAZHZHc8edDEc2tRwSzXDyeKv8nzsMvw),Other,Mixed/Educated Moroccan Arabic,,Male,2,Tangier
Tangier_3-08_16k.wav,أكبرهم عمره 27 سنة تخيل معي يعني يعني أن الناس هذو يمدو حياتهم وهي ترثي هي أنا نعتبرها مرثية في الحقيقة ترثي هؤلاء بشكل حزين جدا وبالقصبة وهديك القصبة الإيقاع لي يسميوه عندنا في اللغة الشعبية المرجوع نعم حزين نقول لو لما يكونو يبرحو مثلا ويتكلمو يقول لو فخاطر كذا وكذا وكذا وراه يقول لك يا الشيخ فلان الفلاني الله يرضى عليك جيب لنا المرجوع الفلاني يعني هداك الإيقاع,Tangier_3-08.wav (https://v5.airtableusercontent.com/v3/u/54/54/1780862400000/lF68A1npDBRFn0VxD7tQgw/skYvBmHA9XwYY1eqxs-X6h8t5HA9OC-ZSTflkATUiqkRaQAaXsQEuhDciTO4NyLz2L91z_97Yrgkae8lGP-HGG_rusfhGSuwy_m_X4hiSviTDpwDuQAT4DQXRwtBDZxDdDI3Y2w8wgeWbXbskf1BO2Ogj_FktxCGPXiK2H07A2M/AXIX78D_QR8P6KKX_KGcMkTcDapFG0_6peBD7n4mpL0),Other,Mixed/Educated Moroccan Arabic,,Male,2,Tangier
Tangier_Radio_2-01_16k.wav,مثلا الأمان جميل جدا أنه الأمان كيجي من الجانب المالي ولكن خصو يكون حاضر وكيسمع باش يكون مصاحب للأبناء ديالو. يعني خاص يكون عندنا ذكاء عاطفي للتعامل مع هاد مع هاد الحالات هادو. فعلا هو هنا كيتطرح السؤال فين أنا مهتم بواحد الجانب وفين خصني نزيد نشتغل على ذاتي باش نغطي ديك الفجوة بيني وبين بهاد الجانب. وهادشي ما يمكن لو يكون إلا باشتغالنا على ذواتنا والوعي بأنفسنا.,Tangier_Radio_2-01.wav (https://v5.airtableusercontent.com/v3/u/54/54/1780862400000/f5EIfcDlDu3vOfau2ypeiA/ywXgfN6FZ4m7AnBCSL6LcK2a6Y5X_Ao56cf_fsapr7Rjy34zgwZojoWbjW9uZHfvTSu9Up3ns3vJhmiaORH_3NflhDzjCjAg6gWEswPHARbwGaVPNaLYF3ZJ5_sn9yjxsOYGhNJWgVSjIO7Drjdk96chjVlCo_g3G6aq8gLIvjs/7ISzQgGBt5nYXQ165rsqrOl5F7Ej0Dnb0zqUISGoDeE),Of Casablanca,Mixed/Educated Moroccan Arabic,,Female,2,Tangier
Tangier_Radio_2-02_16k.wav,ونطورو ونشتغلو على ما يسمى مهارة الذكاء العاطفي. لهاد المهارة هادي مهارة جميلة جدا. أنا كنعتبرها هي المفتاح الأساسي للتوازن النفسي وبناء علاقات صحية. بحيث أن كيخلينا نوعاو بالمشاعر ديالنا، كذلك التنظيم الذاتي ولا الإدارة د هاد المشاعر، أنا كنكون عارفة راسي الحالات لي كنكون غاضبة فيها والسبب لي كيديكلونشي ديك الغضب، فوقاش كنكون حزينة، كيفاش نتعامل مع هاد المشاعر ونتحكم فيها بدل ما تقودني وتسيطر عليا. كذلك,Tangier_Radio_2-02.wav (https://v5.airtableusercontent.com/v3/u/54/54/1780862400000/y8IpoHi37d3cazx7iYaPdg/e8v4VerHQXv8j_K-qwXi_ZXwZT4mWrj1zXt9Z4WW-GBjM-ZoIWHlnazXbk6Zy5u4m1kyo8GgQXPq4CoB93006wI_YZmeqZUsfjEcYDQdigH3gum3SoadEsjhYZFuqx29G29krzF2VKJuLvtX_8Agb_r9CVBGibf5SPY6BBZfidc/pdRjiV77mljTI8t8xpSOT2AnRj7D9QZZ2H2vx48qETc),Of Casablanca,Mixed/Educated Moroccan Arabic,French,Female,1,Tangier
Tangier_Radio_2-03_16k.wav,نراقب السلوكيات ديالي واش هي إلى تعامل معايا شي واحد بديك الطريقة غنaccepterها ولا لا، يعني كنولي واعية، وكنفعّل ما يسمى بالمراقب الذاتي. والجميل جدا هو أنني كنكون محفزة، عندي واحد المهارة التحفيز، حتا إلى فشلت ولا مثلا واحد العلاقة لي تكللت بالفشل، كنعاود نموتيفي راسي، كنقول لا إشكال، كنشوف أنا يمكن الخلل فيا ولا شنو المشكل لي خلا ديك العلاقة يكون فيها واحد الخلل إلى آخره.,Tangier_Radio_2-03.wav (https://v5.airtableusercontent.com/v3/u/54/54/1780862400000/BQfmh25WSBUufMXufQcbyA/_Zq3ulvIm4Y912hXk9hIbTdgMk6xa_3cZ8kg59In9Bywr21TGMiROTK3kfscJGs5wnT0R_4gr3j7z0wjVxzVObJbY7ndb9WHzYxT0nrUr0k2A7nSc78pGM4g7XYvMmQXrlF34aZa1hAtuAPnlNE-fbA7o7pc9vUE9j_Aq9EBbl8/anrJ1ZFA1TAn1LOf8hGwmsyLLlPeIejw264MX0FNJb8),Of Casablanca,Mixed/Educated Moroccan Arabic,French,Female,1,Tangier
Tetouan_1-23_16k.wav,من أجل تحسين الوضعية الاجتماعية لجميع جميع لجميع أقاليم البلاد. إقليم تطوان الحمد لله جاه واحد القسط وافر من هاد من هاد المشاريع التنموية لي ما يخفاش عليكم التأثير الإيجابي ديال ديال هاد ديال هاد المشاريع التنموية خاصة على واحد واحد الفئات هشة. فئة عريضة من من المجتمع,Tetouan_1-23.wav (https://v5.airtableusercontent.com/v3/u/54/54/1780862400000/qT1cx6fYveFbrz1A8hLRpg/GrNcasdfiCJPw-TIhukJ3Sh74jTFqq5otXfg2qzKkQcT1EX-cVgAOeiM_N51t7OfEDMCQBSXbvk835Lf9VK8PSHgTKMbGr0_n9BVBOsrDxNWgIYGEhnZH48yatiyIGP5vr5gI_LHIgU7y3SG1G3iq8359fHkQquNz8muTf8poLY/HNVyqNnCU0dP_Ff-z0FYlm7dKIZXAMwh3GiJY1DdTnk),Of Casablanca,Mixed/Educated Moroccan Arabic,,"Female,Male",2,Tangier
Tetouan_1-24_16k.wav,فيها الهشاشة وفيها حتى الشباب. إذن كنهضر على المبادرة بشكل عام ديالها. بشكل عام. ولكن فيما يخص الهشاشة عندنا واحد واحد واحد الفئات 11 الفئة راها معروفة دابا. دابا 21 سنة وحنا كنهضرو عليها. وحتى فرقنا حتى هدا هاد هاد هاد هاد الفئات استفدو بزاف من من من بنية تحتية من من مشاريع تنموية بحال بحال,Tetouan_1-24.wav (https://v5.airtableusercontent.com/v3/u/54/54/1780862400000/zoMXRypZMZq3TuOlfLGg8Q/a1CVrTL-LBJ-UlAgUcJCpshZmrVi1V29V94Vb5O-qSOEeySOPVLbwgcm9-94vGloskCmceMoVeD3s6_EkFCWXL9m_78Yw97Ey0AcBJJ4m32Lj5ujITs0RHFnUXTPSgBCE3PESiOooBKeU9MUjMBnRXBOxWjzMdvWDFTMFUzrHLw/3XszQfAdpUZ0EF7GnmFd4iLMivGnVTzFmAnPOQw416g),Of Casablanca,Mixed/Educated Moroccan Arabic,,"Female,Male",2,Tangier
Tetouan_1-25_16k.wav,مراكز اجتماعية من نقل مدرسي لي هاد النقل المدرسي تم اختيار هاد الجماعات الترابية لي استفدت منو حسب دراسة دقيقة ل للخصاص للخصاص بهذا المسجل بهاد القطاع وكذلك بالخريطة المدرسية إذن وكيف ما كتعرفو هاد العام كان الشعار ديال المبادرة ديال ديال هاد العيد ديال المبادرة الوطنية للتنمية البشرية الواحد والعشرين,Tetouan_1-25.wav (https://v5.airtableusercontent.com/v3/u/54/54/1780862400000/qWs-Pp80Qi24eOZv4h9HZA/Qa-cEpKNohVoxSnYrsch6Wqgf8SNLZnw0KEAe3AS4Oo0w2LtmLLsEqZeqdpwr5Urr4VnRShzE8ZTPpmOBGcWkATKk5Iz-WPPZsWqhJp4mQr9wM57sY-y-OBWxlPxEvvUC9ET7DllsBikemLl_7qWyLjNnSu_T0RB-Rau4WcxzLU/XdqAGGl7qHFFxYcybG2oJoJeq20H3nWmslREUB5v_Dg),Of Casablanca,Mixed/Educated Moroccan Arabic,,"Female,Male",2,Tangier
Tetouan_1-26_16k.wav,هو أن هو المبادرة الوطنية، حكامة المبادرة الوطنية، رافعة لتعزيز التنمية البشرية. وهادشي دار هاد حكامة المبادرة الوطنية سلطنا الضوء على أجهزة الحكامة الترابية لي هي اللجان الإقليمية، الجهوية، والمحلية لي كتنتقي هاد لي كتنزل لتنزيل هاد البرامج التنموية على أرض الواقع عبر الإنتقاء التشاركي,Tetouan_1-26.wav (https://v5.airtableusercontent.com/v3/u/54/54/1780862400000/aOjgWMALp7TqKisvoFdOvQ/e5Ja33qQOVuQcV8ltGerXH_58YpvMGnzRtJbZdlqjGBvzbKuz4JWUPhGHb3rJh_SSzw_2In883gOQ4IvvX4XFrFR3SUnJpKphnQN8l_g7k2WGBxG-CTikKl_DdapHTNTRomwqNZOEaZtN8WfEiYMDrlnNMyL6_FR47ITS9njYQA/toPu-dm8EI9vmtEmMRbDbKz95YPcDeT1oaV3AmCO71g),Of Casablanca,Mixed/Educated Moroccan Arabic,,"Female,Male",2,Tangier
Tetouan_1-36_16k.wav,نقولو سيدنا الله ينصرو هو لي عطى انطلاقة ديال المبادرة باش يستافدو منها الفئة المستهدفة فالأحياء الشعبية، كنهضرو على تطوان فالأحياء الشعبية، فالأحياء الهامشية، الحمد لله ولله الحمد، المبادرة فتطوان عطات نتائج لي هي رائعة ومرضية وفرحانين بها حنا كمجتمع مدني، وحنا كمجتمع مدني كنمثلو الساكنة. نعم. حنا بالنسبة لنا للشراكة لي مع المبادرة الوطنية للتنمية البشرية، حنا كنشتغلو مع المبادرة من 2000,Tetouan_1-36.wav (https://v5.airtableusercontent.com/v3/u/54/54/1780862400000/WYx7DY4kLc40TmiblU1fIg/yxzp7i3u-NkI2RvMPIxijByhB1GsgPirisy4Coenzjhp_9NhkwjwvvyafWz5KTxfihkA0hDtlikqL4EKmU3-n69-lFFOr-BQ-3x5PjBxJOssLfDQErNAAL88lYMErgdswm7noAD5NC69pJql0YUHYFYKucBElmrgbwn3dcat_-o/22VLEKtEFbc6_TWtJGVtamp7R-rkr8fpXefusZChHSA),Of Tangier/Tetouan,Mixed/Educated Moroccan Arabic,,Female,1,Tangier
Tetouan_1-37_16k.wav,و 13 من 2013 و حنا كنشتغلو مع المبادرة الوطنية في 2014 تبنى مركز تكوين و تقوية قدرات النساء فطريق سمسة فجامع المزواق كان أول مركز فجامع المزواق لي تم تسليم للجمعية بتدشين ملكي بسيدنا الله ينصرو كان المركز ديال جامع المزواق مركب اجتماعي درسا في 2014 مركز في النساء في وضعية صعبة في سدينا هادو مراكز لي,Tetouan_1-37.wav (https://v5.airtableusercontent.com/v3/u/54/54/1780862400000/TdbiXzxTHRNZnJHAzwkZUg/H_H-jK6gUQjCkQRYJx8TVUlK8_-gsCY8gWgefOatZlzbmTUh8fC4eZDVa2uwJW5fthm-fSGnPpmMX11Q1QwquPp3Up5LUIT-cKC2weg8lJ7FWVD6b89Xl8ixKLmDEfPJ1Pg0rPWpECcmmGlX5hzW2nDvidDHR___7z1fiQibtOw/sVrpAjxzFsoiCZIMDdnj68gFX6wH2BbqQCYe2Mq26iM),Of Tangier/Tetouan,Mixed/Educated Moroccan Arabic,,Female,1,Tangier
Tetouan_1-41_16k.wav,والناس ديال ديال الحي. عندنا رياض الأطفال داخل المراكز ديالنا، كيستافدو منهم الأمهات، كيجيبو وليداتهم كيحطوهم فرياض الأطفال، وكتيح الفرصة للأم باش تكون عندنا. كاين فضاء فين تخلي الطفل ديالها ولا الطفلة باقين صغار. الحمد لله، بالنسبة للمراكز ديالنا ما كيقتصرو غير على التكوين. عندنا فضاءات كنعملو فيهم لقاءات تحسيسية، اشتغلنا مع المبادرة,Tetouan_1-41.wav (https://v5.airtableusercontent.com/v3/u/54/54/1780862400000/iq1CeJZxtDyrLm7nSBhnEw/yqlHVy1nyodyHm2Ban64c5yJr35DABQw1bSzoptqweXPXDKpYkNIbXMjui6q1STDn_ZMkckVBh5AMsTIXD4rC-Heoa1MZZyc1XAYk8mUqP1PXL2DcE1ZyRuieYm48F3JtWNbMh43VwZb9fNHAePHx7ocqLg41K0aqwkkXoM5Y_0/FMjzAr3dvsm778mhQ99CAr4SU7KMTNnRHJlvrbf36nw),Of Tangier/Tetouan,Mixed/Educated Moroccan Arabic,,Female,1,Tangier
Tetouan_1-47_16k.wav,تحدثت لنا شوية على هاد المراكز فالعالم القروي. بالنسبة للعالم القروي والصعوبة كنعرفو أن العالم القروي ماشي هو فالمدينة. فجماعة الواد كاين مركز عندنا فجماعة الواد مركب فخدمة الشباب فجماعة الواد حتى هو واحد المركز لي هو رائع فيه تجهيزات على أعلى مستوى. عندنا كيما قالت الأستاذة مريم عندنا حتا النقل للمستفيدين لي كيتعذر عليهم أنت عارف أن ما يمكنش بالطوبيس يقدر يلحق التكوين كاين transport كيجي كيتلقاوه من طريق transport كيهز المستفيدين,Tetouan_1-47.wav (https://v5.airtableusercontent.com/v3/u/54/54/1780862400000/QJo251lMYV28j3eElKak0w/8bu1eTYP2NF-B-8gOUIbLHHw4IcuVCiAtXgdOMUnfVxJMAwkvitlRkuUYnrZ2D9hmvydEGCatzqtlF2L9H7BIllMM9r6FDessfVE0tLiuhsjqeesvEe3s4mHte9oDWc_liBnsgIKdk7sxE7Y8oT6n-HA6PFGI9zjOkwF08yqW4Y/aRZxiAg-NTlWmgM61SfVXC77g-goaUdej3SuBzhFpoI),Of Tangier/Tetouan,Mixed/Educated Moroccan Arabic,French,"Female,Male",2,Tangier
Tetouan_1-49_16k.wav,كنوجدو المستفيد والمستفيدة ديالنا أن ملي غادي ملي غادي يسالي ياخد diplôme ديالو خصو يكون واجد، سوا أن يعمل مقاولة ديالو ويخدم، لي كاين لي كيقول لك أنا ما يمكنش يخوي يعني من العالم القروي ويجي للحضري، كنوجدوه كيفاش يعمل المشروع ديالو، سوا مجموعة يعمل تعاونية، للبنات ديالنا لي كيتكونو تما مشينا معاهم أن عملنا لهم تعاونيات، عملنا لهم مقاولات حاضنة داخل المركز ديالنا، كيتكونو فيه وكيوجدو المنتوجات وكيسوقوهم.,Tetouan_1-49.wav (https://v5.airtableusercontent.com/v3/u/54/54/1780862400000/dT-ifPGlFY8W3sN-xHuqgQ/Gi6SyWmH3Yc6am5Z-hzrJlmqQZK4-8NKCrcUW8GhvNEp6nOudX1rCRibvR7ZXsfS458zwhQ2Wn2RMPxmM5SHY_JlV1l8nMozOdOlYNjgm5w3vWXPFYfY8nMonbHkwY8iiRxsz3YRWSYkMKnKjrZ1DyqcKSfkJfxoMGePzdMfMyw/Of_jD5ESGdRJzsYK55Vlb8OTC0yibIlf3FtfSrqHm3c),Of Tangier/Tetouan,Mixed/Educated Moroccan Arabic,,Female,1,Tangier
Tetouan_1-56_16k.wav,عبد الرزاق المنصوري على العمل الكبير لي كيقوم به لتنمية هاد الفئة وجميع الفئات داخل الإقليم ديال ديال تطوان. آآآ أيضا نبغي نشكر حتى سي محسن بريغة رئيس ديال قسم العمل الاجتماعي لي لي مشى فهاد الاتجاه هدا. وبلورنا الفكرة، بلورنا الفكرة ديال أننا غادي نعملو واحد ال ال ال المقهى مطعم لأن من بين الشعب لي عندنا فالتأهيل المهني عندنا المطعمة المطعم وعندنا ال ال ال ال ال,Tetouan_1-56.wav (https://v5.airtableusercontent.com/v3/u/54/54/1780862400000/ROWrCn_vrESOZfNQFC6Eyg/UMl7POgGWK8Yi_OrA8em46WhWE6Twnkh6rggc8PTa0_lYsGA1h-YwW3-e-E-6wVYa8fn1GFQBdenldFRnaWlfHPUfPJpOuP6gM6w-h52TtXS8bwtD7xT5gFPamWq-WsANarG5wUl-c2DnVcxooKiEgjtw1HigbXFlo-1j7HdI8Y/olQbecG9O4QKrEQnGNnpGOVTbjvtVkzDjZDKmmq-eQE),Of Tangier/Tetouan,Mixed/Educated Moroccan Arabic,,Male,1,Tangier
Tetouan_1-58_16k.wav,مركز ديال التدخل المبكر من بعد منو التربية الخاصة كاين التأهيل المهني من بعد منو كنتكلمو على الدمج فسوق الشغل وكنغيرو ديك الفكرة من عالة إلى معيل يعني الشخص فوضعية إعاقة فاش كيتزاد راه كنعرفو المراحل ديال الألم لي كدوز الأسرة وكتعتبرو بأنه ربما يكون عالة عليها فلاخر لا حاولنا ما أمكن بالرؤية المتبصرة والمخطط الاستراتيجي لي وضعته جمعية يحيى للأطفال التوحديين وكنبغي نشكر السيد رئيس جمعية محمد قليل لأن مشا فهاد الاتجاه أننا نحاولو ما أمكن,Tetouan_1-58.wav (https://v5.airtableusercontent.com/v3/u/54/54/1780862400000/lQYuMCd3jjegIjFE3l5gGw/fxQS53Fj-hFn6G7bALeG3xfwBPt-5tcSHjJBmaxpcweYySAzqLIaGUKV-pgOd5cQFtC2A3j9SITd0YgXE3c7oHRFKpUxiT3eM_h6BxlD6NzK3o6sSc-5FhP85c4BoytTyMlyVcyqxNKSwxF4SczRAiwICebQH3NvAeUWZI-UBKw/NpbhiEqKwu2O4lIG7QCWMctLsUCaya7p0qrZb2Vkwys),Of Casablanca,Mixed/Educated Moroccan Arabic,,Male,1,Tangier
Tetouan_1-60_16k.wav,واحد الورشات لي هي مجزئة. النجاح ديال هاد المقهى إن شاء الله والمطعم، ويجيو الناس وغادي يشوفوها، كل مستخدم أو لا كل شخص فوضعية إعاقة عندو مهمة مجزئة، مهمة بسيطة جدا ولكن تكرارية. علاش؟ لأن التوحد من بين العلامات ديالهم عندهم سلوكيات نمطية، répétitive. وحنا حاولنا ما أمكن على ديك التكرارية لأنه علاش تكراري؟ كيعرف البداية ويعرف النهاية. الشاب,Tetouan_1-60.wav (https://v5.airtableusercontent.com/v3/u/54/54/1780862400000/lq4jFlBc5FXjx1ooAbc5Ag/wlbemOxTlQPexTDPyIRLGcUDGvd06kwQBg6t_1rjSQpFnbN96naTH8qM5cT6SsmdN9X6yITKkYXXZ-ViM9s0_6yDfN6qMAH_drj-D711DQNTBNox36jyJas7gcQ5RA7RxUJUuv-dVSkigbPvEGz3GamCAMvmXg1NKELgm8tAAmg/VSc14-lp_gTmydA3BnJpb_WrprSD2BFXrO6QW_iYREU),Of Casablanca,Mixed/Educated Moroccan Arabic,French,Male,2,Tangier
Tetouan_1-62_16k.wav,بطاطا وكتدار emballage فلاخر ديالو وكنصيفطوهم لي restaurant يعني ولكن هاد الورشة هادي شحال كيخدم فيها؟ كيخدموا فيها سبعة ديال الشباب، شباب وشابات، كل واحد عندو مهمة مجزأة وكنحاولو ما أمكن نستغلو حتى النوعية ديال الإضطراب، مثلا اللي هما agressif كيكونو مثلا عدوانيين في مرحلة الشباب كتزاد العدوانية، كنعطيوهم أنهم كيفاش يقطعو هاديك البطاطا كيصرف هاديك العدوانية ديالو بطريقة لي هي fonctionnel يعني وظيفية. الأساس فهاد ال ال ال ال ال,Tetouan_1-62.wav (https://v5.airtableusercontent.com/v3/u/54/54/1780862400000/qeF2Rdmqv1Z9SXE0XICmhA/vt7UkooTUIe144wxiIOo8nMOGT1YaLK7_QHSXC6kwET2RbRfEdhBphhuby3zyZ52zxby9sU-9FBym25u-Ti9zhhPJqeiQ22YXqprxECwoSXXmv5RG3kF3f4c8ksiepegBKzITJHF1xb8lQDm3kZZ7zg11ITlNeSC0NJjmWEDOnA/S1qziq7CfC297T24KgvtMPaKLntZQoKuqtT80BkOgD8),Of Casablanca,Mixed/Educated Moroccan Arabic,French,Male,2,Tangier
Tetouan_1-78_16k.wav,التعاونيات ديالهم كنوجهوهم حتى هما عندنا نساء لي كيكونو كيما قالت الأخت مريم كيشتغلو يعني فالدار وباش يسوقو بطريقة كيما قالت كيجي واحد كياخد من عندها ديك الثمن ديك ديك شي لي وجداتو بثمن رمزي كاين سوق تضامني لي عملتو المبادرة فيه كنوجهو النساء ديالنا يمشيو لسوق تضامني يحطو المنتوج ديالهم كيتباع بواحد بواحد الثمن بواحد القيمة وكتثمن ديك المجهود ديك السيدة لي عملاتو كتاخد منو واحد كدوز,Tetouan_1-78.wav (https://v5.airtableusercontent.com/v3/u/54/54/1780862400000/_ITh3rRF8WeNX0RED2vr1w/ybILyroQC7O9bPtocGt8_xdyDu5gUWIgHWohNQEN0OE_hna_8H9VdoasxzcAePgxKV9RhcPxJlScHT8B9MVnYfbwmCT-ZLcissPm8ar_VR2VIMC_P6RnGiLvwNcLaEDkMQAXN765zu4HWUK3Rgq5I7yXIQReb06P54LpGdbzlUc/raNFADoc3FnVE__1SUTcAypZa-TqMmImlmmuj3sxoTo),Of Tangier/Tetouan,Mixed/Educated Moroccan Arabic,,"Male,Female",3,Tangier
Tetouan_1-84_16k.wav,l'accompagnement لواحد المواكبة ملي كتكون ملي كتحبل هديك المرأة ملي كتحبل هديك المرأة وحنا المكملات الغذائية راه واحد واحد واحد السيرورة طويلة ملي كتحبل والتحسيس التحسيس تبارك الله جبرت واحد الوقع لأن تعملت دار الأمومة في واد لاو على أساس كاينة تما دار الولادة وكاين دائما بشراكة مع القطاع الوصي دائما الصحة دائما الجماعة الترابية وخاصة الصحة لأن هي لي غتحضر لنا الطبيب هي لي غتحضر القابلات,Tetouan_1-84.wav (https://v5.airtableusercontent.com/v3/u/54/54/1780862400000/HmbzRIl84qIXRU-w-4Z3kQ/DlXX60mVeR88gMlgDk8Ezgx8_yUzd8fwis5HNxI-SdbADECrlZ7O4KV_RV2KFDDh1e0Pa7CitmbJ3Em46qd05tZggDJJSSXV8INdiu28EjItNKHJnXs9OgzyB3eyrPAQBF8XncRunTqyWRQY2BcjxUzl3lRtgkDnaneD-yF3kcg/oP1goO7BmGgXtJWp9gONIU2_6X0ZDcnHzCgkWuRJYHI),Of Tangier/Tetouan,Mixed/Educated Moroccan Arabic,French,"Male,Female",2,Tangier
Tetouan_1-91_16k.wav,فين وصل المشروع؟ شنو عمل المشروع؟ فين وصلت الجمعية؟ إلى كاين شي مشكل كيخصو يتحل وكاين هادشي كامل كل مشروع عندو اتفاقية ديالو ممضية مع القطاع الوصي مع السيد عامل إقليم الإقليم وباش كيكونو جميع البنود واضحة باش إلى كان شي مشكل كيفاش كيتحل كيفاش قليل فاش المشاريع زعما ما كيصدقوشي مزيانين. كيصدق كلشي مزيان الحمد لله لحد الساعة المهم هما تبدلو المشاريع شحال هادي كانو برامج دابا برامج أخرى أنا كنهضر خاصة على على المرحلة الثالثة,Tetouan_1-91.wav (https://v5.airtableusercontent.com/v3/u/54/54/1780862400000/h3soX3T6wDakohSLnD6yTw/SuVgtV1W0fbl8e_OoF9r_D-_XAzz0ThDvoFReVMzSDO81RVMzy5uLofbnJG6pomHUgfpRAzpythhrZ0IzTCo4IdRqjaT4JpDQjQa_i6fj9IUxpk4jMBNMn5fJGPRCM5PXDtJWHJefKd_-4LLlil6pQnT83wdQZsnIs5af-edWa4/4BtXAMICocf7MTyLp9eQTsYYGFQ7E__cOx4oolYLl4M),Of Tangier/Tetouan,Mixed/Educated Moroccan Arabic,,"Male,Female",2,Tangier
Tetouan_1-98_16k.wav,باغين إن شاء الله يا ربي يكون عندنا مشاريع كبيرة فحال شكل تضامني فحال الشمالية يكون عندنا مشاريع كبيرة ديال المبادرة وديالنا يكونو فيها الخريجين والخريجات ديال المراكز ديالنا نوفرو لهم مناصب شغل لي هي فاش كيكون نوجدو نخرجو واحد المجموعة كنخرجو تقريبا ألف وميتين كل سنة خريج وخريجة من المراكز ديالنا نكونو عندنا فرص الشغل نكونو إن شاء الله مع المبادرة الرؤية لي كنشوفو هو الإدماج,Tetouan_1-98.wav (https://v5.airtableusercontent.com/v3/u/54/54/1780862400000/PSkiH7E0DBYVr_pdnokDFg/Bv4omckK1sRqaAUJ1S-y26K0wcAzXfGINnWtXMSejuECfhc3p50ih22qq7McM9X2NTu64ZyzNSZ7G8eVZywCZEWFYLY6gLxiF71oJ5ir-w2ExMHzENOuqrPcFNBZyTPb-TkhLXzNp8eqvdDWai8ccrzeLr53IzGg5EM8uS1Sel4/e5E5-9OdDI5GMXuPFN45jY_tAq-NHMNaISERBMbAqNQ),Of Tangier/Tetouan,Mixed/Educated Moroccan Arabic,,"Male,Female",2,Tangier
Tetouan_2-10_16k.wav,فكرتني فالشابل وكانو الوالدين ديالي تيطيبوه وكانت عندنا أكلة مميزة ديال الشابل. كان عندنا إما يمشي الطاجين للفران، تيتصاوب الشابلة تتقطع وتصاوب، وكان واحد الطاجين كبير هو لي تيطيبو فيه العروبية دابا وهما تيطيبو الخبز. هداك هو لي كنا كنديروه، بلاصوص ديالو، ب- بالشرمولة ديالو، عرفتي ملي كتكون داخل مع باب المدينة كتش الريحة ديال الشابل فالفران. فالفران. وكنا واش هو فيه الشوك بزاف ولا لا؟ لا.,Tetouan_2-10.wav (https://v5.airtableusercontent.com/v3/u/54/54/1780862400000/PvVux1T4doWoB8Jx58BJiw/5isW5DvmshgVGLUTENA0ojLuceT6AVJtCqw4A3R8nZmh0bKQ2Xc91DlT-O96hnMhfom4Hemq48UQKceO7IyuQikkrFuAy8Nznkh7ABI5FKJhbp9HHWK8s6DlKi110ZWZrsoRtdb-x2zgB5hh1Mzp830ycF503R762_-uwtCufks/3mH1pHhCD97dIr10vu3rjWHP-b8UAzbjp47zqCtfqd0),Of Tangier/Tetouan,Moroccan Arabic,,"Male,Female",2,Tangier
Tetouan_2-15_16k.wav,الدولة تاقت فالصانع التقليدي وعطاتو هاد البنيات ووالديهم حتى هما تاقو فينا لأن خصنا نخرجوهم كيف ما كيف نفوسنا. ما يمكنلكش غيجي عندك التلميذ تقول بغا يتعلم ما بغاش يتعلم يجلس تما. هذا راه راه ما ما ما ما غيسمحش لك ضميرك دير لهاد. أنتي تعلمتي مع الوالدة ولا مع شي معلمة؟ لا لا تعلمت مع مع واحد المعلمة. وخا الوالدة ديالي كانت كتنسج الحايك وهذا ولكن ما تعلمتش الطرز وداكشي ولكن ما تعلمتش عائلتي تقريبا,Tetouan_2-15.wav (https://v5.airtableusercontent.com/v3/u/54/54/1780862400000/fw47R3EdNmywwepPpouE7g/DI_9xJEwcU2B4Xf7DUukmmG2JVknDAcL8P6MzeAWIIHS_m6XHQmQxyyTHVNdmFAW34mHkEY10BOWIKjgrM1r_NeJJeJVWd9JgEqHnbm7MOjYAJRg_vhi_PvqrnJnmntdNBJ34BF0023u2xYVU-ZXxZ8fVsoz3F8nforpOf6yPJ4/cqBInFHpGHnvtmv21t7txyQtSqS71ozSVeGD3MvtGuQ),Of Tangier/Tetouan,Mixed/Educated Moroccan Arabic,,"Male,Female",2,Tangier
Tetouan_2-16_16k.wav,كانت كلها كدير هاد العمل اليدوي ولكن أنا تعلمت على يد واحد المعلمة الله يرحمها هي لي علمتني هاد الطرز ولكن كانت حكاية قبل كنا كنخرجو حنا بحكم ديال المدينة كنخرجو هنا للطبيعة ديال الواد وكنت كندير شوية لكروشي دايزة واحد السيدة ويقول لها راجلها شوفي لالة كطرز قالت ليه أش الطرز على راه كتخربق أنا دخلات ليا ديك ديك الطرز خاصني نمشي نتعلمو ونبحث عليه وحاولت باش نمشي ودخلت عند هاد السيدة راه زعما الله يرحمها ونتمنى لوليداتها,Tetouan_2-16.wav (https://v5.airtableusercontent.com/v3/u/54/54/1780862400000/fV_hmvf9IUImxOBofMmNtQ/_oxyF9B1aE7-lnGs0MRuUOF-0rqYlaXmj2w4GHNGDpoA97R4OBWC1jXpouRny5SL4M1q6cLF0BL_Bzk27UUtkWuyraHFVohT1AdQ3TiCxdRLkzUk7y1z557DI_d7iwsaF-pPdLAPoRMqzQanw-D0VuhDk22sYCDu7GOL3z_dNcE/szaZyNsf7xfmyZ_vK5UrOrZHqQvr_cW_jRwG4-M00E4),Of Tangier/Tetouan,Mixed/Educated Moroccan Arabic,,Female,1,Tangier
WwUF8uoO00c_segment_02.mp3_16k.wav,نفسي أنا أفكر في والدتي لأنني كنت أتمنى أن تكون مع والدي رحمة الله عليه في الحج لأنني وفقني الله وأحضرتهما مرة إلى العمرة لكن والدي رحمة الله عليه كان يتمنى الحج. فقالو لي هذه مناسبة دائما الأعمال في ديننا الحنيف الأعمال بالنيات. صحيح. عدت إلى البيت إخواني وأخواتي عندهم خبر. جلست مع الوالدة قلت لها والدتي من متى ذهبت للعمرة؟ قالت لي من,WwUF8uoO00c_segment_02.mp3.wav (https://v5.airtableusercontent.com/v3/u/54/54/1780862400000/yxFzpwm54G-vJeoCCSVqxw/CG0u5Qec7eZbmSHmcJwI-OIYapttsAtCpsHJN5u1eQdJEib51eq6lb82c1Kn_7SVLEkhk7Py60lGoQ15EkYvKQttPe_aummc3INLszM9peC5109moVnPlgX1-YBFf-8e67C8MItm_BrA3KZtTLk8u9CiGDFhZZyIrrXCeEXlDDa1DAo5PrxtU-6bBQB3IQA2/V49wo5GX_WLS5yTLg-yjCI1pK5TqRGRHcg_GLy-SZ1Q),Of Casablanca,Standard Arabic,,Male,2,Tangier
WwUF8uoO00c_segment_04.mp3_16k.wav,نعم. بعدها، بعدها بدأنا وصلنا إلى إلى إلى التحضيرات النهائية، وصلنا إلى مطار محمد الخامس، وجدنا المسؤولين في سفارة خادم الحرمين جهزو كل شيء. من من ال boarding pass، من ال ال ال عملية التسجيل في ال counter، ووجدنا VIP lounge في انتظارنا داخل المطار، جلسنا فيه نحن مجموعة وفد ضيوف خادم الحرمين الشريفين.,WwUF8uoO00c_segment_04.mp3.wav (https://v5.airtableusercontent.com/v3/u/54/54/1780862400000/gkvOJ8_aW1q5VA32bOGSyQ/CQsQne0WQ2V7Q-EVWHZ2XC-Ei_Js5aOlSH05c8lXwzt-BvJEQzdokpGpT6u2IlA0IhERMqWMIQqbYpPnk5ybHfL7lZbnY93bzP_wL-T9t_23-lhnz9OwGIln6T9hi0sSFVvIukFulVHchs4Mg5WsAim8ZD5YEYiE7egV1kg-cRtYz-6oAU1KT7NtsyrGeOu8/k_SKktfM_uuLIDF9-9IZ253Vj2uuDMrFmv_rhmDJE80),Of Casablanca,Standard Arabic,French,Male,2,Tangier
WwUF8uoO00c_segment_07.mp3_16k.wav,أداء وفهم المناسك بالطريقة الصحيحة، بالإسلام السمح المعتدل الذي دعا إليه سيدنا محمد صلى الله عليه وسلم قبل 14 قرن. هذا التوجيه خلانا حقيقة نشعر بالوسطية الإسلام ونشعر بالاعتدال وأكدوا لنا أيضا على البعد الإيماني والروحي لرحلة الحج. رحلة الحج هي رحلة روحية، رحلة إن شاء الله الحج المبرور والذنب المغفور بإذن الله عز وجل. نعم وفقك الله,WwUF8uoO00c_segment_07.mp3.wav (https://v5.airtableusercontent.com/v3/u/54/54/1780862400000/ci7K7DTIsPuS_xwPZJp3Ow/vV98D1l3argnj_zwcpq3XQQBA9MCUVCcMxh7o1VVjkS7NtCTn4H55gGAg6w9WaseNa4nsKW9WJ0vQwCR6dqXTPt1o6kxwyqyL1BWj6odbDwspnnmBJVrfI187YfQ53iHNo9K9Z4um46jb37XGLqrUXsaMuZQ4VStwQT_7IpwYXnroPESuwIcr-bbcm3-sKMQ/gCfJ6VK3shqTmbQuvzR3FO2E_KmUGbsStToqojLmBDc),Of Casablanca,Mixed/Educated Moroccan Arabic,,Male,2,Tangier
Oujda_1-05_16k.wav,داخل داخل الحضرة الربانية بمعنى ملي كيكونو دابا نتا كتعرف بأن الزوايا كيكون عندهم لقاء أسبوعي باش ما نتشعبش بزاف فهاد الخر غادي غير واه باش المستمعين يبقاو متبعين معنا فكيكون ديك العمارة العمارة الحضرة لي كتسمى الحضرة هذيك الحضرة خصها مسمع كتبدا بواحد كتبدا بواحد النوع معين ديال السماع وغادية وكتطلع وكتكمل بواحد النوع معين ديال السماع داخل,Oujda_1-05.wav (https://v5.airtableusercontent.com/v3/u/54/54/1780862400000/UbtAfJS00BeqFYNj2Zsu7A/1-ssHOLvOvK_-CfAE4R4W4adwy02EkBdzkxigsAIRP2Nv71tZ08x8lh8JwMABJzxkFoogTe8f9uGG-dWJ7K09UNNpxorWRmU86xca5a9Yk_ylCYWIKkI-ft1CYDb-11VjVklAu-KaecmFB7Ox3S54BRiZhVnS9SwNpJCm8tbqN0/6GewcFgE9xnHRHHIWN6V_cTd0BBrjlyXjFL3LV6mUPM),Of Casablanca,Mixed/Educated Moroccan Arabic,,Male,2,Oujda
Oujda_1-11_16k.wav,هكا ولكن أنا حاولت نلحنها غير هي حاولت ندير لها لحن جديد لا غير تقريبا نفس اللحن ولكن ماشي بالطريقة التقليدية التقليدية لي معروفة voila فبدلت بدلت فبعض فبعض الأماكن واحتفظت باللحن الأصلي هو لحن شمالي شاوني كلمات كذلك ديال سيدي سيدي شاقور ولكن كاين شي كلمات أخرى ماشي ديالو أنا هاد الرباعية ديالو والحمد لله بلغنا يا الله,Oujda_1-11.wav (https://v5.airtableusercontent.com/v3/u/54/54/1780862400000/fyxT8y_dEqwcslwyovT8Yw/_s6eMqK7cmJoI6CMjtZv3MpBUVnP6AAOCQ7a7fTRfl91zalK5SRij_d_FpauaaA_NKHZ3N_brJabcinhn-M_yU7hkfWkyTSBwlBWVVEi6hzYpRhADlGuz8Feuu9y_u5oUAGI3XdyFp6qpyvLZQFNSuGR17RwzgLmFrz5wtMYQdg/gIY_Bq6CdPRJzMVWfumccrNvHBZ1pDdPfluCnSxad5w),Of Casablanca,Mixed/Educated Moroccan Arabic,French,Male,2,Oujda
Oujda_1-20_16k.wav,كتبتها هي هي هي بلغة البيضاء ما يسمى بلغة البيضاء يعني زجل ولكن فيه فيه فيه لغة يعني يفهمها الجميع اها اها صيفط لي القصيدة صراحة أول ما قريت الكلام تأثرت بواحد الشكل كبير بهذا الكلام هدا لأن كيقول لك كل ما يخرج من القلب يصل إلى القلب وكل ما يخرج من اللسان لا يكاد يصل الآذان اها,Oujda_1-20.wav (https://v5.airtableusercontent.com/v3/u/54/54/1780862400000/TjduJV77EoEufCnS0-OThg/_j85aVlVdP9OPBv-6do70jsmt2Bvo0QRBO_9tGubQYfT7nczhUXhBpyd0SEKrolBpbX5WX1yPPvoe30yoVy6JPIcGUPkzUu_i3k1fAqNJmjyjITxfmqYUXJJMN5PRvE5P6Hat_XC3bvL8FK1W80cuF-nISRyFetCuTMZmdos0G4/BOs_nVQXsIJjW6aP6pdByGosQ1i2vPA4s7e_c2lRn58),Of Casablanca,Mixed/Educated Moroccan Arabic,,Male,2,Oujda
Oujda_1-21_16k.wav,فتأثرت أنا بهاد القصيدة وطلب مني قال لي واش ممكن تلحنها ليا. فقلت لو أنا غادي ندير شي محاولة لأن الكلام كان كان عندي واحد الكلام راك عارف دائما ملي كيكون شي واحد لي كيكون شاعر شاعر يعني كيكتب غير ليه ماشي هو شاعر كيكتب الأغاني أو لا. صحيح صحيح. فطلبت منو قلت لو واش ممكن أنني نقاد شي حويجات وداكشي وناخذ غير لي قال لي صافي.,Oujda_1-21.wav (https://v5.airtableusercontent.com/v3/u/54/54/1780862400000/E4fpSsaHRle8Oz84WXtcBg/udoHTQkDbPs_F-3ODRxCoeRLN2nWRu6OvtcjNJ2eCoTa24gia8caZf3MFp-VeMz_NEGqr1VUCVhB_kvwdE3kA48fKOrJW6OLJY11uMIYD_HtbWIQf4tSltsqjWc6IQQX5av9yGm9Z2XGALZ3MnmGDuS_e6U6dByJOtB_bxRuZco/gwNeKBwB5Bvve9uW_TqUNaGe1TvQtLCf6I45bJ746Wo),Of Casablanca,Mixed/Educated Moroccan Arabic,,Male,2,Oujda
Oujda_1-34_16k.wav,بمعنى أنا أنا بعض المرات أنا كنكتب ما ما كنكتبش غير من أجل الكتابة لا ولكن كنكتب من أجل الموضوع أو لا من أجل حالة مثلا عشناها أو لا من أجل واحد واحد الفترة فوتها مثلا أو لا مثلا واحد التجربة ديال واحد الصديق ديالي مثلا تأثرت بها كنكتب فهاد الإطار يعني ماشي بغيت نكتب غادي نكتب لا كنكتب وكنحاول نكتب بالدارجة أكثر لأن الدارجة بغنا نوصلوها لـ للعامية,Oujda_1-34.wav (https://v5.airtableusercontent.com/v3/u/54/54/1780862400000/JtOcdGLURDzRaDzCqhETSw/n7CaUwCRTjgvy7Hm6BcPiYIfZYkytsmWjV0MmeuYsGcEs3JHCYQagkjXChi-IXG1vFzVLS6T6dfEglsALE6TL1XNBbNe-KFJUvpz-Qf1Lntt8-C4dWp8-2umAVFx0EwrBywolvzKngdr51jCmwpRzlIGl6CWRz8ylPsumrwsiIM/oF_v-D_oL_tuq4yYnHw8BWpIEoUzk1FSuPtyb6DWI9Q),Of Casablanca,Mixed/Educated Moroccan Arabic,,Male,2,Oujda
Oujda_1-35_16k.wav,voila. ف فالغناء نعبر به أكثر على على الوجدان، على الوجدان لي فيا، على الوجدان ديالي، على الأحاسيس لي عندي، على داكشي لي بغيت نوصلو للناس كن كنوصلو بالغناء أكثر من والتلحين كيجي من موراها علاش؟ لأن التلحين هو هو عندو علاقة بال بالغناء بطبيعة الحال، بطبيعة الحال. ثم كتجي العزف. كيجي كيجي الشعر والعزف بجوج. كنت لحنت واحد générique ديال فقناة السادسة.,Oujda_1-35.wav (https://v5.airtableusercontent.com/v3/u/54/54/1780862400000/Ughh8svDNyoS28BFZzt1nA/wu7F7KzJHN4GX3GWluEQ4-5E7_JuiydMg7vdghac-q3LA40OAFuNz6B_Q3t12KyGNxLsyGj6MY5pGm6vzzIqIbQzbdeOvU6_C5v7rr8ko66IPUXz4dMtHTzG4yV8Zi81aJscKgHf6DLKvXFy7y46VrpA5yQBaoEoDcgXGmPFl44/xewkrx6GZbWOG7d6K71APSE4bRFjDmEJrac7XasXahI),Of Casablanca,Mixed/Educated Moroccan Arabic,French,Male,2,Oujda
Oujda_1-36_16k.wav,لحنت قطعتين. شنو هي شنو هي الفكرة لي راك باغي تخدم عليها مستقبلا فهادشي ديال المصور؟ يعني شنو شنو هي شنو هو التوجه ديالك لي غادي يكون مستقبلا؟ واش غادي واش غادي يكون برنامج؟ ولا غادي ولا غادي يكون كيما كنقولو حنايا غناء، يعني غادي تخدم على شي حاجة مصورة فالغناء، ولا غادي يكون برنامج؟ هو,Oujda_1-36.wav (https://v5.airtableusercontent.com/v3/u/54/54/1780862400000/aNZxv3_rvMAX4QRbzyMNig/72Tx-WNVp61_LTR5lDIbXuZeXi1K3gm1A881nsU5-5ko5k7OaIoDRAgiKYp51Q4_FA5ZuCYe6UOLF5E7dt4SqhssZUQPLp4513pwK2p1y-VrGcDMbFmLn32SzGehMKSl-yobTrTsupIBvgStazsoDNTBQ01bVkyINhVQvhIHr_g/PvwrHBen3xRJ8fY3NIaj74x14eU5Bs_mTq4nzwQeX08),Of Casablanca,Mixed/Educated Moroccan Arabic,,Male,2,Oujda
Oujda_1-43_16k.wav,ولكن كنشوفو الواقع ديال المنطقة كتلقى واحد الركود واش محيت حنا هما يمكن لي جايين فحنا هما آخر مدينة محدودين الفكر ديالنا محدود ولكن الحمد لله كاين واحد كاين كاين بعض بعض نقولو حنا الشمعة كاين ناس كاين ناس كتخدم كاين الأمل الحمد لله يعني وخا كاين ركود بداو واحد la nouvelle génération,Oujda_1-43.wav (https://v5.airtableusercontent.com/v3/u/54/54/1780862400000/-FdC1pO5L_GnnXyBipOEKw/gDW3ccek3nupUpRbrg-8DI5GlTrIUEtaZ9neGDjbObx0ncWIcadg7Lbluq0Q7KSw7J30QIkPYTMDfqoKwgS0waBCMVOGaGQVt4bVEmUUz-uSRfW3_5RXF2OFMdZQ9Yjs1G7lsN5w1YnY6mRgTo7lwRSSJdaqrlVZR4TApr5uHtw/4gRcxz9yA3NRbKBW0Lsr9e_SeJhkgiRKHgmwnf-gGcw),Of Casablanca,Mixed/Educated Moroccan Arabic,French,Male,2,Oujda
Oujda_1-82_16k.wav,باش نتهنى من الطلوع والهبوط. بلاتي أخويا، دابا نتا علاش تتعطي هاد الرشوة هادي؟ أنا راه كنعرف شي ناس من العائلة ديالي حتى هوما وقع ليهم نفس هادشي لي وقع ليك. ولكن فاش اتصلو بالخط المباشر ديال رئاسة النيابة العامة، خداو حقهم وبالقانون. ها نتا، اتصل وقت ما بغيتي وبلغ على أي واحد طلب منك الرشوة. أجي. وأنا ما غادي يكون عندي حتى شي مشكل ولا مسؤولية إلى بلغت؟ لا ما تخافش، حيت القانون كيحمي المبلغين. وزايدون هاد الأمور,Oujda_1-82.wav (https://v5.airtableusercontent.com/v3/u/54/54/1780862400000/FexhEKNN-cjR0GeVmyU7FQ/nDtc44tSpD7oSBN7eKG_zJ3Iww5kYVljYOXZuPzw_kRg1FjyZ2EwUjzHQuyDgL5RQINQgpkblCAhJ9cFy2wXT_r2XehLnNVkLUhqsvGkX_xzcdr1JimILKx6p3vfN39wh6mtzCHCS7IFSaIXtGSMaAcSH-EYBSE5OoEMlWtz2t4/s4EXQ9a_4BZMpL3vr8xP3TQGsCWRmtwWj2bRgez_VWQ),Of Casablanca,Mixed/Educated Moroccan Arabic,,Male,2,Oujda
Oujda_2-32_16k.wav,حالة النقاب إذا كانت المرأة تنتقب تزيل نقابها مثلا وقفازيها هذا عمل ظاهر ثم هناك عمل باللسان مباشرة هادي كلها في الإحرام هكذا يبدأ الإحرام بالنية والعمل الظاهري والعمل المنطوق المسموع الذي هو التلبية هذا كان يقوم به الرسول صلى الله عليه وسلم معاينة وهما يشوفو فيه فإذا هنا يقل الخطأ لأن المتابعة تكون,Oujda_2-32.wav (https://v5.airtableusercontent.com/v3/u/54/54/1780862400000/g1QXpWFp2AGUow6ShUKFlg/HIQhCoAGSeRb13hvkE050Fp8dBj5ElcluhlJ-ttrvgT-YhGrtevueaTYWrszA-hAe5pwUkKS3vWo0L7MdnPNu7sQGKinAFRON6w6D9PchP65BVIdUKQqLRepjsVeXjaIqwY_jndgsWQagxR9e-mfafWNxUyzao-A1-F4qvNTJ5A/1uf4GDx4Gw4R-_sv2ZgScSSQky-ZIhouSoobsA89zfc),Of Casablanca,Mixed/Educated Moroccan Arabic,,"Male,Female",2,Oujda
Oujda_2-64_16k.wav,نعم صحيح هذا لها مكانتها ومباركة كما في القرآن الكريم. وشجرة الزيتون طبعا هذا من نعم الله سبحانه وتعالى على عباده. والشجر على العموم من البيئة والبيئة لا ينبغي إلحاق الضرر بها. ولكن إذا كانت الأعواد ليست في الشجرة فهذه يجوز حرقها واستعمالها والانتفاع بها إلى غير ذلك سواء كانت,Oujda_2-64.wav (https://v5.airtableusercontent.com/v3/u/54/54/1780862400000/AJTRH7K2rVx2O6pgq77m5g/hvaVIeXSE81s1XxKBWDR_vCjM6k0eny5EDSMwSYNt5ht_Ahaqo-OEszGX4LFnCMBBW0LuQ2wGVIQ9ftrzn45Q5CQw-KLnjkg_goBl_tUju7N-48vbK7hmHHZmX5Zew_0eHLeGJmUk0CniACkBNfSLmmf7Uzm3rcKNbET28xXMmk/DU0puvcu10Vsn20_DrOY9AoOQf_jC3SfNidiQhcacg4),Of Casablanca,Standard Arabic,,"Male,Female",2,Oujda
Oujda_2-68_16k.wav,شبهه بإنسان يغتسل خمس مرات في نهر جار. وملي قال في نهر جار معناه الماء ديالو نقي. ماشي ماء ماشي راكد. هدا راه مقصود، هادي كلمة جار راه لها لها فيها معاني ودلالات، لها وظيفتها. فشبه من يصلي الفرائض الخمسة في أوقاتها بإنسان يستحم في واد ماؤه صاف نقي صاف.,Oujda_2-68.wav (https://v5.airtableusercontent.com/v3/u/54/54/1780862400000/8exbLAcbAJ6xsY6fT2cKRw/HJxAtjIog8KC2I4kla3ZONkjE-nL3ZW2ot9GuUvZIDBh1jmQzW9dV0Ok_M4wjF3119bvZYEbUeIRptxOw6VssZOZ19W4dKkdpbTuhnTSIGDfDd5WFUuAYAPDfYvJw1sSnIyTUepHB8qmkRC4kYN7d9PI78SYD6C085VfXB7K3Mc/o1-f1cusKaLdw5miRDeliuzR7Cd-AHRdYd-CDv6oq6I),Of Casablanca,Mixed/Educated Moroccan Arabic,,"Male,Female",2,Oujda
Oujda_3-02_16k.wav,فتيات السعيدية دفاع مراكش هذه هي المقابلات لي غادي تكون نهاية هذا الأسبوع الخاصة بآخر دورة من دورات كرة القدم للسيدات هي مفخرة الآن كان عندنا فريق فالقسم الأول نهضة بركان والآن نضافو لو فرق أخرى جوج هلال الناظور ماذا يعني لك أنت كفتاة الفتيات ديال جهة الشرق يصعدن إلى القسم,Oujda_3-02.wav (https://v5.airtableusercontent.com/v3/u/54/54/1780862400000/7-I80ksOqgGcxJFz_uQmYg/JXOC26UFepyEypORfcJAlXAf-qo-3MhFkHhjx6W5azOa145dViJqEaW_pFzyfQaqOtQX0xsardgjsEsG6XYsSqzBuizUZo3giglWF8k_sKTZSYy3LfECvs_SPXRABpbCNMqThFgUcx6q5WUjIj-UDhwmYV396zNkhFNuA5m4htM/UJxg9mgKM9g_cJAnuzlkGA32ySQq3buXDBlQbyQbanE),Of Casablanca,Mixed/Educated Moroccan Arabic,,"Male,Female",2,Oujda
Oujda_3-56_16k.wav,محمد هنالك أحوال لا يمكن يعني هي لا يمكن أن تكون يعني ظاهرة في في الأحوال الجوية أو غيرها من الأمور إلا أنها أمور ترافقنا في منازلنا بمعنى إلا بغينا نتحدثو على امتحان كيفاش؟ التوقعات ديال الوالدين ديالهم من جهة، الصورة لي عندهم على النجاح والفشل من جهة ثانية، وكاين مجموعة من التلاميذ هنايا كيبانو لينا بلي راه,Oujda_3-56.wav (https://v5.airtableusercontent.com/v3/u/54/54/1780862400000/WVysasa0q4Ki8G3lk5oFEA/JmZWXmFOjZ2KJwgDgnxU0SjKM9hGrFuVVCermGwtoSUcOYK1GoINUWPEahPsGY84K3joiawx9HYaRzv-ZDBKG8lPzPoDJ9flM_qpVK_DIA-6jeA1_KxBAUS2_GIYjgJe7Z2TtQ_boX5yTJpAtKeFi5yPx86w3rf-kcKVyNhUrWE/K_a7yDcO3coubZS9Q_aX_r2NbtHvcGnc2Mt4_fPpSRQ),Of Casablanca,Mixed/Educated Moroccan Arabic,,Female,1,Oujda
Oujda_3-57_16k.wav,مبرّدين وما مهتمينش. أحيانا كيبان لك أودي هاد التلميذ هدا راه قابط البورطابل راه هادي، وراه خايف من الداخل، الداخل ديالو خايف ولكن ما كيبينش هاد الأمور هادي. أحيانا كتبان لنا في العصبية ديالتهم، أحيانا كتبان لنا، حنا حنا كنقولوا كآباء ولا كأمهات أولا كأولياء أمور أولا كغيرهم أن راه سوء التصرف أولا ما مربيش، لا راه ماشي ما مربيش، لا راه هداك الولد ماشي سيء السلوك، ولكن هذيك راها طريقة للتعبير على أنه راه متعب من الداخل، أنه يعاني,Oujda_3-57.wav (https://v5.airtableusercontent.com/v3/u/54/54/1780862400000/KoX1Sb-NfjRfwkHHUanq5Q/G80PC3JUXxr_mje6t3dTTfVNZzUItmjHmLk16ea4I1qSwNTsweer_JQXHcaJrzn63yCf8TgwUFmxLMkNwcmvKP2Jb-OEnD4-rX33-Tn3UxIyHGcW8xvbDs8CmJByXhbGHhLegsmCE6eAZ8yai6N1lcw0rBOcLyoBMG8kliuSuN0/cfOsc6XTdy4M5kmhUVgmdrMqVUzO7gHfWksZL8TBrQ0),Of Casablanca,Mixed/Educated Moroccan Arabic,,Female,1,Oujda
Oujda_3-58_16k.wav,من الداخل بشكل أو بآخر وراه مشدود يعني راه الأعصاب ديالو إلا بغينا نقولو وحتى داك الوقيتة لي كيشد فيها البورطابل ديالو راه ماشي المعنى ديالها أنه راه كيستهتر لنا بالدراسة أو لا أحيانا راه كيقولنا بلي راني راه بالعكس راه يتناسى كيحاول داك الضغط ديال الامتحان وهدا يبعد عليه ولو لدقائق لذلك أول حاجة خاصنا نديروها هنايا هي نقراو السلوك ديال لولاد ديالنا ماشي كل عناد معناتو أنه ماشي إلا بغينا نقولو,Oujda_3-58.wav (https://v5.airtableusercontent.com/v3/u/54/54/1780862400000/5zhNwTx2rrSLq6BxUG_mBA/mZklhyREUERhlrBRc8vvMg8n_2eG4zdogOAdnS99gTwZOVIvKpy2udfylnz5e-g35tCd2oUGLppjpbeo25yuq-PL_K73J0LE6ER8ajSZjeArmJGNmynPvObHA7BUZXss0ubtecrcFplJiY4LOg6K-YKpV_Kv_ke3E6g6kWB1f9k/Z_nx4lZecojQu0d5AeWrATt90yBVkGHef-00Suf7F9o),Of Casablanca,Mixed/Educated Moroccan Arabic,,"Male,Female",2,Oujda
Oujda_3-61_16k.wav,الفشل بحال لي كيهرب، كيخاف، نتا راه أصلا من الأول كتقول له وا شحال ديال الآباء وديال الأمهات كيبقاو على ولادهم، وا شوف فلان شوف فلان، ديك شوف فلان وشوف فلان راه حنا من نهار بدينا هاد البرنامج وكتقرب وقيتة الإمتحانات وحنا كنعاودوها كنأكدوها، ما تقولش لوليداتك هاد الأسلوب هدا. هنا كيبان دور ديال الأسرة. بدل ما نبقى نقول لولدي مباشرة واش نتا كسول؟ واش عاجبك هاد الحالة لي راك فيها؟ واش ما باغيش تنجح؟ نقدر بسيط العبارة نسول داك الوليد ولا داك البنية ديالي شنو لي راه مقلقك؟ شوف راه,Oujda_3-61.wav (https://v5.airtableusercontent.com/v3/u/54/54/1780862400000/LIeh0uw3VTt_kCaG5SxMyA/kqMdgToT_7wnpi_dPaD58AUUn_U0WxxAoF7hRGBiuQrXtIvPV9gzpOLjLstXBoD7LXqeP8_E2DH-mbYFWR7hg7Pmtu6HNAsccj5t0FMQfov7PSO7wZWLThFf_Y-YDxrTrypjXmf6719QWdH0F3h-o_fzf5RFBbKn4EpnT5TpD5M/wCpe-OWN8orSfwd3-yyaFNjbxUrbHSurOUrFivPaLJI),Of Casablanca,Mixed/Educated Moroccan Arabic,,"Male,Female",2,Oujda
Oujda_3-78_16k.wav,ديالك محفز مزيان راه درتي هادي مزيانا هادشي هداك هو ما شوف الطفل كيف ما بغا يكون هاد الطفل هدا إلا وهو محتاج أنك تغدي النفس ديالو فقد ما غرستي هادشي هدا فيه وحاولتي أنك تبين لو أنه يقوم بتصرفات جيدة وأنه مهما كانت الأمور فهو راه يعني داك النتيجة ديالتو راها فعلا غادي تحدد المستقبل ديالو خصنا شوف نربطو,Oujda_3-78.wav (https://v5.airtableusercontent.com/v3/u/54/54/1780862400000/09rJDs7AbDbEjhU9iuuykQ/mWA58wGuqh5-X0_SKwiiLykznbrtAk_fezv4llFsg4vkw4_ozxqhEbCpzW7-ZtmE1dCfmLtxTmRbH6bAkxbanCZeyDUedInwbp4d1VIgZBKyfMsE-lwRsKURqrluz6x58kZOTH1PMul2O2j4aBxq55VtsGA_hnwX3FKyoOmvQks/AuyrrXvFBLfTQw8FO_N6pIsKdlWbkPSVrPTsZ2OnhKg),Of Casablanca,Mixed/Educated Moroccan Arabic,,"Male,Female",2,Oujda
Oujda_3-100_16k.wav,راه الأحلام ديالهم غادي تمشي فزيرو، لا. من الأفضل أننا نقولو لولدنا هنايا فهاد اللحظة، حنا كنفتخرو بالجهد ديالك. راك فعلا هادشي هدا باغيينك تنجح، ولكن مي هاد النتيجة هادي ما كتختصرش الحب ديالنا ليك. فهمتي؟ هاد الجملة هادي بوحدها قادرة أنها تنقص داك الحمل الكبير وتحيد داك الولد ديالنا من داك الحالة لي راه فيها. راك أنت هو كلشي، راك أنت، اه. ولكن ما تقولهاش ليه بداك الطريقة، راك كتهضر مع مراهق. ما راكش كتهضر,Oujda_3-100.wav (https://v5.airtableusercontent.com/v3/u/54/54/1780862400000/Zq14gWWRdZW3GPMgFNtKFg/43EvP0YTiC1oYMtSv038VX7_xfM1PlBwv8mgX_IYrI_f1OIwXw-s9iMDKaLpyklQp8XQn5C0AIGmBWB2faveSFxhBVR2lEAQUbhfQg7cW4ij6fCtj6G8NO0W9uWXyfwfIEF1PJbqrqZ1W4byespd6IUUcecQFZ9FbwgaVXi9WyE/HwWlQZ8BX2x1bg-ltZhWJtkTC4pqEZsCe99-r2Rksrs),Of Casablanca,Mixed/Educated Moroccan Arabic,,"Male,Female",2,Oujda
Oujda_3-162_16k.wav,قبل ردود الفعل. أصبحت نموذجا يحتذى به في عديد من الدول. التجربة المغربية في المجال الأمني أصبحت علامة مهمة تبين إلى أي حد أن المغرب عمل على الإستفادة من خبرات علمية وعملية من العمل على أن يكون فاعلا وقويا و قادرا على,Oujda_3-162.wav (https://v5.airtableusercontent.com/v3/u/54/54/1780862400000/ktOfntT1MxhqJzNqDRvn0A/ftRB91t-DPw72mn_NsQOnA4hebRIBJnTdbCEtCbDwI25LNC4M2gCZferSesH7wDl_0IM4aOBlZP66c2TXuHE1ZuV8jOVdAZZ4LAI0zdJrFBQpwdCIoCUU2XOv7v7s5LmDLiLzCL3aF9rxKiBSlXl9aZsaURjGavC57EMGRCzI8s/8V3WzuC95908zqvpK7JT0QerL-QUMp4x8Mi2yCD4z-E),Of Casablanca,Standard Arabic,,Male,1,Oujda
Oujda_3-191_16k.wav,مقارنة ب سيمانة لي دازت. بحال الشاري عاد دخل. لا الخير موجود و الثمن كاين تاني. و الغلا. الغلا تزايد. مية هو مية و ربعين و صغيور مية و خمسين شنو غاتشري. راه طالع أخويا بواحد 1000 درهم تقريبا فالحولي. 500 درهم فالرقيق. 1000 1000 درهم 1500 درهم فالغليض. و الرقيق زايدا فيه هادي 1000 درهم. كتراوح ما بين 50 و طلع الفوق درويش فين فين يعيد. إلى بغيتي تعيد,Oujda_3-191.wav (https://v5.airtableusercontent.com/v3/u/54/54/1780862400000/for0ofbWjA1VtDveBbA9Gg/7rwyZdQQNH2IO8Ld0wkT8aDWJRmMNhe8HNCGE98jF86H0ZOOP868TEdvgsBtXLxmJ93sgcbMce3aSPRMKZiaV_MYftWuWba4j6NyNXTtH4lSpESGb8V0TtNaXjWzwgEIW97HFne8SgcAffq-DCmF-tVO9oAfw8gnj5aqxkT5qTM/1UbLIt9_XECfT_i2slxRorjoG1gVR38AOBQ6GfRl-NY),Of Casablanca,Moroccan Arabic,,Male,3+,Oujda
Oujda_3-212_16k.wav,جوج سلسلات د العنق من نوع الحلبي ومعلق فشي وحدة فيهم مصحف كبير. وما تنساش تجيب لها سلسلة ديال الراجل حتى هي حيت راه ولات موضة هاد الساعة. وما تنساش ملي تلبس التكاشط غادي يخصها مضمة خليجية. وهادو كلهم يكونوا ديال الذهب من عيار واحد وعشرين. أوه أوه أوه أوه أوه أوه أوه أوه أوه أوه أوه أوه أوه أوه أوه أوه أوه أوه أوه أوه أوه أوه أوه أوه أوه أوه أوه أوه أوه أوه أوه أوه أوه أوه أوه أوه أوه أوه أوه أوه أوه أوه أوه أوه أوه أوه أوه أوه أوه أوه أوه أوه أوه أوه أوه أوه أوه أوه أوه أوه أوه أوه أوه أوه أوه أوه أوه أوه أوه أوه أوه أوه أوه أوه أوه أوه أوه أوه أوه أوه أوه أوه أوه أوه أوه أوه أوه أوه أوه أوه أوه أوه أوه أوه أوه أوه أوه أوه أوه أوه أوه أوه أوه أوه أوه أوه أوه أوه أوه أوه أوه أوه أوه أوه أوه أوه أوه أوه أوه أوه أوه أوه أوه أوه أوه أوه أوه أوه أوه أوه أوه أوه أوه أوه أوه أوه أوه أوه أوه أوه أوه أوه أوه أوه أوه أوه أوه أوه أوه أوه أوه أوه أوه أوه أوه أوه أوه أوه أوه أوه أوه أوه أوه أوه أوه أوه أوه أوه أوه أوه أوه أوه أوه أوه أوه أوه أوه أوه أوه أوه أوه أوه أوه أوه أوه أوه أوه أوه أوه أوه أوه أوه أوه أوه أوه أوه أوه أوه أوه أوه أوه أوه أوه أوه أوه أوه أوه أوه أوه أوه أوه أوه أوه أوه أوه أوه أوه أوه أوه أوه أوه أوه أوه أوه أوه أوه أوه أوه أوه أوه أوه أوه أوه أوه أوه أوه أوه أوه أوه أوه أوه أوه أوه أوه أوه أوه أوه أوه أوه أوه أوه أوه أوه أوه أوه أوه أوه أوه أوه أوه أوه أوه أوه أوه أوه أوه أوه أوه أوه أوه أوه أوه أوه أوه أوه أوه أوه أوه أوه أوه أوه أوه أوه أوه أوه أوه أوه أوه أوه أوه أوه أوه أوه أوه أوه أوه أوه أوه أوه أوه أوه أوه أوه أوه أوه أوه أوه أوه أوه أوه أوه أوه أوه أوه أوه أوه أوه أوه أوه أوه أوه أوه أوه أوه أوه أوه أوه أوه أوه أوه أوه أوه أوه أوه أوه أوه أوه أوه أوه أوه أوه أوه أوه أوه أوه أوه أوه أوه أوه أوه أوه أوه أوه أوه أوه أوه أوه أوه أوه أوه أوه أوه أوه أوه أوه أوه أوه أوه أوه أوه أوه أوه أوه أوه أوه أوه أوه أوه أوه أوه أوه أوه أوه أوه أوه أوه أوه أوه أوه أوه أوه أوه أوه أوه أوه أوه أوه أوه أوه أوه أوه أوه أوه أوه أوه أوه أوه أوه أوه أوه أوه أوه أوه أوه أوه أوه أوه أوه أوه أوه أوه أوه أوه أوه أوه أوه أوه أوه أوه أوه أوه أوه أوه أوه أوه أوه أوه أوه أوه أوه أوه أوه أوه أوه أوه أوه أوه أوه أوه أوه أوه أوه أوه أوه أوه أوه أوه أوه أوه أوه أوه أوه أوه أوه أوه أوه أوه أوه أوه أوه أوه أوه أوه أوه أوه أوه أوه أوه أوه أوه أوه أوه أوه أوه أوه أوه أوه أوه أوه أوه أوه أوه أوه أوه أوه أوه أوه أوه أوه أوه أوه أوه أوه أوه أوه أوه أوه أوه أوه أوه أوه أوه أوه أوه أوه أوه أوه أوه أوه أوه أوه أوه أوه أوه أوه أوه أوه أوه أوه أوه أوه أوه أوه أوه أوه أوه أوه أوه أوه أوه أوه أوه أوه أوه أوه أوه أوه أوه أوه أوه أوه أوه أوه أوه أوه أوه أوه أوه أوه أوه أوه أوه أوه أوه أوه أوه أوه أوه أوه أوه أوه أوه أوه أوه أوه أوه أوه أوه أوه أوه أوه أوه أوه أوه أوه أوه أوه أوه أوه أوه أوه أوه أوه أوه أوه أوه أوه أوه أوه أوه أوه أوه أوه أوه أوه أوه أوه أوه أوه أوه أوه أوه أوه أوه أوه أوه أوه أوه أوه أوه أوه أوه أوه أوه أوه أوه أوه أوه أوه أوه أوه أوه أوه أوه أوه أوه أوه أوه أوه أوه أوه أوه أوه أوه أوه أوه أوه أوه أوه أوه أوه أوه أوه أوه أوه أوه أوه أوه أوه أوه أوه أوه أوه أوه أوه أوه أوه أوه أوه أوه أوه أوه أوه أوه أوه أوه أوه أوه أوه أوه أوه أوه أوه أوه أوه أوه أوه أوه أوه أوه أوه أوه أوه أوه - أ سي الجيلالي أ سي الجيلالي الله يهديك. وماشي لقيتو الراجل مسكين درويش وسكوتي وبغيتو تاكلوه وتجغمطوه في مرة. أجي,Oujda_3-212.wav (https://v5.airtableusercontent.com/v3/u/54/54/1780862400000/BO6Gk3aT-7ZQnuY4aB9rTQ/_JkrMqFztbtRvq1CM501nAr5y0bcHn7mYwk8yrAlvnBr-3oYEDp7qypG5unP8lc9XvQaWeMVfUzv0kVUUcYwOJ_1ZgqztJR6DJbMDk7gCAMKySBLMVBUzsrQhL-AyvHCMm7ICiJjM-oByYD5s7bMO8zvO9v96Q8VEfrcGSEh_Pg/1Dv5DXgccDu2ew4FXzGURcyrVis_SH7O2dlcTkVLmuk),Of Casablanca,Moroccan Arabic,,"Male,Female",2,Oujda
Oujda_3-220_16k.wav,وفالحقيقة أختي هو راه شاريك ومستعد يضحي بكلشي على ودك. ولكن نتيا واش زعما غادي تحبيه بحال لي كيحبك؟ ما نخبيش عليك أختي سامية. شحال هادي وأنا كنحبو. غير كنت كنتفشش عليه. بالحق اليوم تزاد حبي ليه. وليت حتى أنا مستعدة نضحي معاه بكلشي. ايوا. دابا على خاطرك؟ بارك الله فيك أ ماما. عندك يسحاب لك أ بنيتي أنا واقفة فطريقك. بالعكس. أنا راه بغيت غير سعادتك.,Oujda_3-220.wav (https://v5.airtableusercontent.com/v3/u/54/54/1780862400000/j6h-AQ_2o0fX74nl66fVGQ/KYLPFCdxObI1ur6logJwZ3zwK28hjkWvVDANqf7bUDL9eflqY9v-mqPNA_PbJvuML64er-60UwE-E38KRCkepUQdFZ1tkG6dEjb4pIFrOlmauuJtzZhaIZ6I9gH9yE0f5dIi6a0ynIEN1Qs6CVv6EXT4wkjavBgv2Lgn7JwoMgI/H9ZqGnabSeK21fCejRb_rCM8rTBtG0oLEs7hL65LL_A),Of Casablanca,Moroccan Arabic,,Female,3,Oujda
Oujda_3-223_16k.wav,إيوا لاواه، حتى فالخطوبة كنتو تعرضو عليا، باش غير نهضر مع عائلة العريس، حيت عارفك نتي كتحشمي. أشمن عائلة العريس؟ هذا راه مقطوع من شجرة، لا بو لا أم لا خو لا خت. آه، هذا هو العريس وإلا فلا. كون غير جاب لي ربي لبنيتي حتى أنا شي عريس بحالو. أويلي، بنتك راها باقا عندها غير تلطاش العام، باقا بعيدة على الزواج. الزواج أ لالة خاصو يكون فالصغر، ماشي فالكبر، باش لولاد كيكبرو مقادين مع باواتهم. إيوا الله,Oujda_3-223.wav (https://v5.airtableusercontent.com/v3/u/54/54/1780862400000/kixy86McVk0yxcSca8805g/TRClSpO3JD4fp9IXzRYY8U5HoeSbbjg1Fkcdleu3YrQNkHIkdla2p0R7ITHFP4RCi2EU-wsC9yR1kWZptyJNL9wsPZMUESl7JASOFm3RasuowQlk58clshkkgE1a9TtG_VkUMKyB8bHiLo_gS1muFUwqPLinyU3suHti0ngEINw/BcfnozYywmUrlRiWBzXU8pRQLwR7r_87YxiLjbcP9RM),Of Casablanca,Moroccan Arabic,,Female,2,Oujda
Oujda_3-229_16k.wav,حمرتي وجهي قدام عائلتي. ولكن هاديك الشروط راه غير قالتهم مي باش زعما تعكزك. ولكن نتا كنتي راجل. ما خليتي ليها فين تهضر. شوفي يا لالة إلهام. أنا راه قلت ليك بلي نتي هي أعز حاجة عندي فهاد الدنيا. وأنا مستعد نضحي بعمري على ودك. لا خويا علال. لي قدرتي عليها ديرها. ولي جاتك صعيبة بلا بيها. إيوا حتى حاجة ما عندي صعيبة. المهم قولي ليا,Oujda_3-229.wav (https://v5.airtableusercontent.com/v3/u/54/54/1780862400000/MjsL700fiVFhgurkjUeaeQ/T0fDNRFwMRzziZ9HTZXW4TPxeMwANTrtg-66LkY3R9DyN9q_QhE_DSIZP5F0m6E5-DSH71XIzuUJ8mDorBjoFVwo5Jw3Pp1SsKkuiTh6QUrHGyqU5EGbDYVnysg2l3Tiq0kmvnuD9XekUoJt3mO85aWLAWGgbA1YUyBQNoyHZxU/yCbnDz7G1fOEtX5d1HWS_bq8LZZdazd-aInhIDpM9MY),Of Casablanca,Moroccan Arabic,,"Male,Female",2,Oujda
Oujda_3-231_16k.wav,العرس. لا غير خلي كلشي حتى لصيف لي قلت ليك. ايوا أنا مازال كنتسنى واحد صاحبي يصيفط ليا السلعة باش نسلكها ليه. وعلاش ما ديرش بناقص منها؟ أنا بغيت نعملها، ولكن خممت زعما نجمع شوية ديال الفلوس نقدو بهم نبداو الحياة الشريفة، ها؟ ايوا خويا حضي راسك، راه دابا وليتي مسؤول عليا ولا لا؟ معلوم، أنا,Oujda_3-231.wav (https://v5.airtableusercontent.com/v3/u/54/54/1780862400000/GyyJBK5xFAUoaVOtbCq0mA/GuKAs48hoZUh2M0z61z4gaNwZhuGxI_SxXlQOwikvS3UNVY7nSh6LjBySahJJPqQ-j8bJjaX4v2EI2jZbmmYVmEVta-5rxXL3Lx3544u9PvyEUmfTdRprcpYRs2oucK0apV0Vxhey-qLhOP3rH_RLt8rofSkQ1qEdLCCKPnP810/10Xu3NjJy0R6kI1eIi9DN4NAOjGD39NnlnvtiSgEVeY),Of Casablanca,Moroccan Arabic,,"Male,Female",2,Oujda
Oujda_4-16_16k.wav,التلقيح الوقائية لي كتقوم بها المصالح البيطرية التابعة للمكتب الوطني للسلامة الصحية للمنتجات الغذائية. هادشي كيتم يعني بالتعاون مع البياطرة الخواص وكذلك السلطات المحلية. هاد العمليات ديال التلقيح الحمد لله كيما قلت لك يعني هما لي خلاو هاد القطيع ديالنا يكون فواحد الحالة صحية. مثلا يعني الأواخر,Oujda_4-16.wav (https://v5.airtableusercontent.com/v3/u/54/54/1780862400000/v4AJHr37RTryrEu_ZR4Ddw/GhF_gPqabJlqoT38v9FD4ckRD0O1G-EoVYyNH879uktOibP9_o4NEngVRJ4nmTVFUaBoNHX9s-vleGhY9L0k7oEQQz3xJEF5BJj0bH1YVpCqe7YRodYsi-EFW3kCRoXGumT5ZThJQgbo9lZS-QlK7t9yeJlgvhXlUbecQb_aXLg/YBcBDOKqVAH1eyT0U5RU4hsyx59vkYyR6JFdn1mDQ7g),Of Casablanca,Mixed/Educated Moroccan Arabic,,"Male,Female",2,Oujda
Oujda_4-17_16k.wav,ديال العام لي داز كانت واحد الحملة ديال التلقيح ديال الحمى القلاعية كانت أيضا كانت تلقيح ضد التسممات المعوية وكان العلاج ديال الأغنام والماعز ضد الطفيليات الداخلية والخارجية. هاد الحملة كانت ف 2025 من من شتنبر حتال دجنبر. وكانت أيضا واحد الحملة هاد العام حتى هي كانت ضد الحمى القلاعية وكان التلقيح هاد العام يعني,Oujda_4-17.wav (https://v5.airtableusercontent.com/v3/u/54/54/1780862400000/eEJT2vMp_2dPlrNUdG42KA/ZlWmbk6XU-WhEgBI13tzgzLTIcJj3k6xp9iZMtMM1zuulokxOoFV44l_b7foyeW3B9cD18aniI_19tn7-19GQoex5J_T288fb3veqXnyvkq0sIuDE7Sii2Ljme0smbEEzPz_ktB4h9V0yNw19qOC9zu8h48PbJ3uYqBFAFSeJtI/X_FeDdRW_LNJ-I0wPoGZEjX6hW75JV2248ArPUnJi7w),Of Casablanca,Mixed/Educated Moroccan Arabic,,"Male,Female",2,Oujda
Oujda_4-24_16k.wav,الخاص بهاد المناسبة كيما قلت لك يعني المراقبة هي كتكون ديما مستمرة نعم ولكن منين كيقرب العيد كيكون كيدار واحد البرنامج الخاص يعني بعيد الأضحى المبارك باش هاد الشعيرة الدينية تمر فأحسن الظروف فهاد الإطار المكتب قام بالتسجيل ديال الكسابة هاد التسجيل بدا من من يناير هاد التسجيل كيخص الكسابة لي كيسمّنوا الأغنام ديالهم,Oujda_4-24.wav (https://v5.airtableusercontent.com/v3/u/54/54/1780862400000/cpRiXHT640XZ8AXNjd4vpA/6Vmnqup54dV9Ee6bMbFzPvRDgnjfLI1DwDWpnBW6C-nOlmpJ6BecE4ixInxpxtUnCA5VrJVCEKBux8dV62BOQNKziVm90M2TxYV0uEv8XhlTGcYGAutTOkf9tjuSvUpsZi0-a28NoAadH6UvBsvfMsaRvrnKWpjxjt2owSp3_Ks/DFOJRfvfYZuP0WgFBnp2PYSe7b6xlOFRpqVwcUz8eJs),Of Casablanca,Mixed/Educated Moroccan Arabic,,"Male,Female",2,Oujda
Oujda_4-67_16k.wav,قبل ما نذكرو ندوزو يعني للحفاظ بغيت غير نشير لواحد القضية أن بالنسبة للسقيطة ديالنا يعني اللون ديالها الطبيعي كيكون هو لون وردي ياك وإلا مشى المستهلك لقى شي كريات ولا نقيطات ولا أكياس ولا طفيليات بحال مثلا فالكبدة مثلا منين كنشرحوها كنلقاو واحد شي طفيليات خضرين طفيليات كيقولو فو فرطوطو كيقولو ليها بالدارجة إلا كانوا هاد الطفيليات قلال نحيدوهم إلا كان,Oujda_4-67.wav (https://v5.airtableusercontent.com/v3/u/54/54/1780862400000/n9-7nX6HFJ9NJrcXE4hq6A/1_f18BtZ7Vv9SpSClJtN8yPfZ7JJXrv_mg7qfMcG2gOrDugni3cL8gwQJkAyzPF77YDVYU_FFJXa3ujP1N4Tsy0BsFnQv17AX6gYkJ64iU_LwVmKEW2qfpNIRgZENyJp14AWcOmsF4mmenmRVnl-Z-W8S7jxqW7dsSlivU2hAEg/kL9Z9-646UObe2tHlAygqMIs58d48FGCk19cgLwVEbI),Of Casablanca,Mixed/Educated Moroccan Arabic,,"Male,Female",2,Oujda
Oujda_4-175_16k.wav,خوها وهي عاشت معاه فدارهم. واش تا يوقع هنا؟ كتبقى تجنب في راسها، كتبقى تقول علاش هاد التفضيل دائما كيتفضل الذكر على الأنثى؟ علاش إلى ما بغيناش حنا نوعاو ونديرو المساواة؟ راه رب العالمين منين خلق آدم، خلق له أمنا حواء، منين خلقها له؟ من الضلع دياله باش تكون قريبة له للقلب، ما خلقها لوش من جهة راسو باش ما تكونش مقادة معاه، وما خلقها لوش من رجله باش ما يزطمش عليها. هنا هدا,Oujda_4-175.wav (https://v5.airtableusercontent.com/v3/u/54/54/1780862400000/vK4giTXd_FKbTHy_D4hchw/7BpgldzgP1jkhAMaDyl0HokVS8fqkGxvF4Man5muni70LLWEdJHSvpnjH4WcvNxZh4t7F0PqcReIdwhKpDaP5jUp9VI65iGqNBZP0v6Aws3qdLH33zzeLOydyu64ToCt2Yjzj-cJBBr0tD-UZgucW1VsHfPI1cuqBUFq3NvrfsU/vmIY7fhWTq0I1QZ-6LifQ1HfAYVhZl_fwB0eIwTuYOc),Of Casablanca,Mixed/Educated Moroccan Arabic,,Female,1,Oujda
Oujda_4-202_16k.wav,سوي يجب أن نتأمل ولا أكثر لا أتكلم بالرغم من أننا في بعض الأحيان نتألم. من منا أستاذة خديجة الآن أتحدث عن البعض يتصفح الكتب ويتقرب من القراءة. الحبر والورق والقلم. الأخلاق، المبادئ والقيم. لا نبتعد ونتغرب في الشبكة العنكبوتية وفي الفضاء الافتراضي.,Oujda_4-202.wav (https://v5.airtableusercontent.com/v3/u/54/54/1780862400000/nSCEud3BvBoOPUM3_R-f0g/CPFCkayN-cl-9mVxarkTbcf9mKCHOiiJBfsjDH5FwAcrRmxParGwcbpTsTS5n9Zn_gASUKdTFaRH4oNMeafcPYE2zdgAUfdrdvvNp-HVHbJR0F_PEN7rNNdgOP4ILAy7K7Ypn2owFCwfRIXUyxil21lsNmpmmLI6P6eVRYECZTM/k1VJOQIpjbeKQGnn6yhi39NZ5RaJYI3u7Gb9u-WFy4o),Of Casablanca,Standard Arabic,,Female,1,Oujda
Oujda_4-251_16k.wav,تسعين 1994 مدة 11 سنة غبت عن التحكيم وصدفة التقيت بسي محمد الميموني قالك راه عندنا الاختبار البدني اجتازيت الاختبار البدني نجحت فالاختبار البدني وقبلك سي بن قدة على أنك، جزاه الله خيرا، 11 سنة يعني صافي باراكا عليك ولكن أنت غبت 11 سنة وقبلوك الإخوان سي بن قدة والعصبة وكاع الإخوان لي كانو في,Oujda_4-251.wav (https://v5.airtableusercontent.com/v3/u/54/54/1780862400000/CiN3KCytBQFLm3jZiGdHGQ/l8MdMhsq2S69b8bSo-o2p7xUN_sIkaYhD9UEhCGVuQhRw2BmFB9IOQKLlwN-Ylhyb3PbDkPmQ-nld8L5nmTDm9muutpd9qeZWVe044XU_xe9ieIhe9XX-iiTaXhJCRy7f-smziE0rssREi1UL2emInqEIowxUSdU21ljnl9LgIo/T739y11ZsrngfUKDHWppts7Ahvil19h4SeqHFJS89Dw),Of Casablanca,Mixed/Educated Moroccan Arabic,,Male,2,Oujda
Oujda_4-254_16k.wav,résultat لي نعطيو لهاد المقابلة. وهنا واحد المفارقة كبيرة أنني مارست 11 سنة وحبست 11 سنة. يعني من 1983 حتى ل 94، 11 سنة نتاع la trêve، يعني ابتعاد كلي عن ميدان نحدوها زمنيا 83 حتى ل 84. حتى ل 94. لا 83 حتى ل 84 كانت الأمور بسلام، كنت في التحكيم. من 84,Oujda_4-254.wav (https://v5.airtableusercontent.com/v3/u/54/54/1780862400000/RyEOhyiAMaN95_MTCpR_hQ/fZucwn4XBJ3lY2H5r2SH7-YH1EAdTwqvXiy9nYg4N9d2K7EaK0DiC-SshbCBZRF1EnrIC-p_xEXbocfcUYB1sBpLXHAKL_a2HsNXu8pgUub31fKAzHlXcyAr39jlwP1vJ0Q6x-WzkFYURI_PpzkDjNLTytWTE_2buzKS0FvIMZc/IznHE13FnZeZiqbjFzng9gg6PTnAaWfbVExSn6-v-fg),Of Casablanca,Mixed/Educated Moroccan Arabic,,Male,2,Oujda
Oujda_4-272_16k.wav,فالأمل. ولعبت مقابلة الثالثة نهضة زايو فتح هلال الناظور بزايو مع سي محمد الكحل. منين قارنت المقابلات ديال الوسط وداكشي جا عندي سي بن قدة الله يذكرو بخير قال لي غادي تمشي فحكم. قلت له سي بن قدة ما يمكنليش. قالي علاش؟ قلت لو أنا راني جاي فواحد الفترة لي أولا السن ديالي وصل خمسة وثلاثين سنة، ثانيا,Oujda_4-272.wav (https://v5.airtableusercontent.com/v3/u/54/54/1780862400000/XzwJfp8283I5nzP3gBwLaQ/LagYNGbp-0O_LEaLOkGQ_QYHLR8gpY6aAq4QU6ZTBoSht_v1SvrKjm4giDjBLOSkrCFdo8GxGszH9SN-vBHKYf1K6qvv6kZWuMnu1na33xXJcbYKSNBRqEMbr_B3o9xcxQq5Ur-B1PczUiBHh5WfjfSelUicTC98L8q-Bbx5WCQ/FEn6m9dbPcYD9EthCwpMi8CkG4oifAMKUny6I4CJ1dk),Of Casablanca,Mixed/Educated Moroccan Arabic,,Male,1,Oujda
Oujda_4-273_16k.wav,راه أمامي واحد المجموعة من الأسماء وأسماء قلت لك عشر سنوات عشر سنوات ومجموعة من الأسماء وأسماء وازنة فديك الساعة نذكر منهم سي الطويل، نذكر منهم سي بوشيخي، نذكر سي التواتي، نذكر سي معضاد، نذكر سي وينيس الله يرحمه. أه ميموني يعني واحد نقولك واحد خمسة عشر حكم ولا. وثاني حاجة كان سي ابراهيمي جاي فالطريق يعني أو وسي سعيد الطاهري. أول مقابلة حسيت بلي أنه شاب,Oujda_4-273.wav (https://v5.airtableusercontent.com/v3/u/54/54/1780862400000/U8xBkSZLVZB3Pg2ifExbIQ/3jXBQDY-8fEUVuHOIpcy3y8R6WOBxMhZ3JdwrDZCOPdB94nju19woFwqSsAOZtejliZhNKWmXKfdZKQAx1SIjkA4NHWcl9xnnWQjBnVW7GV8tVniivO7yoNg40o-I0dQFS8JnX-uIu3BjFUiS3vtGvX5XCKepA3vdVIxQvjBCco/CNAESevUVcZwk5FN0KkN3imr2bPVpw52CK0WzWS6Tzs),Of Casablanca,Mixed/Educated Moroccan Arabic,,Male,2,Oujda
Oujda_4-274_16k.wav,و وعندو عندو كيما نقولو les qualités نتاع l'arbitrage على مع العلم أنه هو سبعطاشر سنة هو حكم مساعد سي باخني. قلتلو سي بن قدامة غادي نخفها نمشي ندير هاد التخصص. زعما الحق قال لي mains et les pieds قلتلو لا. أنا هذا اختيار ويمكن راني مقتانع بالاختيار ديالي غادي نمشي حكم مساعد. وجاب الله التيسير. ستة وتسعين سبعة وتسعين لعبنا أول مقابلة نتاع يعني القسم الوطني الأول يعني بالضبط ثمنطاش خمس ثمنطاش,Oujda_4-274.wav (https://v5.airtableusercontent.com/v3/u/54/54/1780862400000/iqZ99LNhh7GBQxamaRpepw/KM_Da9H1_J1lmLtU-MgjkKMtA2w-aabsO6M8_H5YRiJAsBHURyrCeeDtsmhXxRpYt7qjSwpxazKQ0oWpgzB4N0T_j5eqNhoCuPWVGE6xc1cKOG49GCgH64BjwjCP0D3LPA-0BXTH7HmIxRr4ihZZzxfCRkUx5fGonxKrCOhExgk/xkPfXfNLpVal_t4B_BmXe85t4HlCEw6GcRNwBti44Sw),Of Casablanca,Mixed/Educated Moroccan Arabic,French,Male,1,Oujda
Oujda_4-280_16k.wav,مقابلة. و ثاني مقابلة لعبت ثمن النهاية ديال كأس الكاف. فثاني مقابلة ديالي، يعني فالمسار ديالي الدولي لعبت ثاني مقابلة لعبت ثمن النهاية يعني مقابلة العودة ما بين بور سعيد المصري و Asante Kotoko الغاني. سالت المقابلة بواحد بواحد بواحد لصفر ف فالذهاب و فالإياب بواحد لصفر و مشاو للركلات الترجيح. انت جيتك وحدة، درت الثانية، المقابلة الثانية. المقابلة الثانية.,Oujda_4-280.wav (https://v5.airtableusercontent.com/v3/u/54/54/1780862400000/3iT2UyhtCxA1-l7KNjjfUg/q3jwbo5mh59An7-XqkI0NNYI-gmlVUQCnCMY_Y1oWgXaq2He1RgIK9NEbExJ6zBWN49qtSP724tXbaJbOrz1ORDwj280n16lOTPjOZCbKZ8EnOdjtj55NpLxpJp3QjcTDGS7WizV1Xx3ZqftGs6Bpdht-2wj4VX_UhpzEXzjh-8/ucKc0VG1gYZcYujkRHxsUs9EHDnUJU-KWEqCqLT7URI),Of Casablanca,Mixed/Educated Moroccan Arabic,French,Male,2,Oujda
Oujda_4-373_16k.wav,تابعة للمكتب الوطني للسلامة الصحية للمنتجات الغذائية. هادشي كيتم يعني بالتعاون مع البياطرة الخواص وكذلك السلطات المحلية. هاد العمليات ديال التلقيح الحمد لله كيما قلت لك يعني هما لي خلاو هاد القطيع ديالنا يكون فواحد الحالة صحية. مثلا يعني الأواخر ديال العام لي داز كانت واحد الحملة ديال التلقيح ديال الحمى,Oujda_4-373.wav (https://v5.airtableusercontent.com/v3/u/54/54/1780862400000/yyagAyzgHe9M-9GPB13mYQ/PvS8EeuvK7ox3d_QYwEmd26_xbOzfJ4CPVh9OkSmiThBkfrav3TLiJAu_Bx_KWxB1D9Dz9rmC1CNeDyADEhJOIdBb7q-SKAC7wWz67F_JG-mVUEpEMskMnXvjYuIRldAXhpG71zKm1f24X92BpcoTJuW3FDjRIgP7Zuu4b7e2MY/vKVPrhFmX_8CJGrRfKTWbPm9mAEg3TBx6zEuiVGXbgY),Of Casablanca,Mixed/Educated Moroccan Arabic,,"Male,Female",2,Oujda
Oujda_4-379_16k.wav,فهاد المجال هدا. يعني هاد الحملات ديال التلقيح وداك كيما قلت لك كيكون المكتب هو لي كيوفر اللقاح والأطباء البياطرة هما لي كيقومو بالتلقيح يعني مع بالتنسيق بالتنسيق مع السلطات يعني المحلية. الإدارة الترابية. نعم. نعم. وهاد العام تم تلقيح ما يقارب مليون و900 رأس من الأغنام وما يقارب 650 رأس من الماعز.,Oujda_4-379.wav (https://v5.airtableusercontent.com/v3/u/54/54/1780862400000/aIfYFUaFzIaAAMgOLb93Tw/kP1DctKFsEHtr4kzFJEgBpi4GOm2CjK-EQ0vetyNHlUoLyXaT9YvusFIl77-zU5c1NiRUeRzAJcpDJBw-n4nxj7ebUEtYUeE8AGAGCGgioaNJYv6Rs9jQavztFrnnHs6L3yEcx4KLBLWhYIfTK1mBvsetbeCMVaSf6-VhoCOTQs/2yzkPzpODFDYoKQYzSEOYSr2xbcLwQK_Snj9Sp6a3kw),Of Casablanca,Mixed/Educated Moroccan Arabic,,"Male,Female",2,Oujda
Casablanca_1-01_16k.wav,محدد لممارسة الرياضة ولكن كاين واحد الفئة اللي ما بقاتش قدرت أنها تمارس الرياضة. نعم. بهاد المناسبة تفكرت المبادرة اللي ديما كتفكر في هاد الفئة ويرجع لها الفضل أنها تفكر وتاخذ بيد هذه الفئة ديال المجتمع، هنا فكرت باش وفكرنا بطبيعة الحال بفضل الجميع أننا نخلقوا واحد المشروع تضامني اللي عبارة عن patisserie boulangerie resto,Casablanca_1-01.wav (https://v5.airtableusercontent.com/v3/u/54/54/1780862400000/n8oTo_vEzKb3q7jijPsGaA/7ai2P8-LYmjpndgaS8QhC8dYpRLsBh0bIQaDt_ax8UrQpyg2cItdu8daorGw8NH2-xlwxokETEi2nbR5vcv3sNoraLUbxnqH2Pd2BDX7XwqGTfm_by6U1QpBc0u6ql8n-2PUXpkNeirZdygjOYrK0Ti8YqP99_74REFSF-cx-i0/-tyUoOMc4_GHCg_dVigztECy4xQBtJBdQrDpC6Fy0aI),Of Casablanca,Mixed/Educated Moroccan Arabic,French,"Male,Female",2,Casablanca
Casablanca_1-02_16k.wav,هاد المشروع هذا اللي كان بتمويل بفضل المبادرة الوطنية تيشغل واحد الفئة تقريبا ديال خمسطاش بطل وبطلة من ذوي الاحتياجات الخاصة. وهذا خديتوه من المركب هذا الوعاء العقاري؟ الوعاء العقاري كان عندنا عندنا واحد المكان مناسب واقترحنا أننا نستغلوا هذاك الفضاء وخدمنا فيه هاد المشروع هذا اللي تيعتبر واحد المشروع مدير لل,Casablanca_1-02.wav (https://v5.airtableusercontent.com/v3/u/54/54/1780862400000/deXD0UwlqjaRdscrIqhjOw/h7bN7Tr7JpRH4pkicFH-kncR-XoBMdhE-UdDGbv3nulCeQxP4JNdBWjd1Q0kv3Pq2NaTdg-dWb0e4e-sMBEc4CiG1vATBUK6_Rbms0S3OMbIZxTDXQRTwc6bH3dtKokkwbGTPEXOYEwEtAfNmw6FATJnVLQiXq7aG_yAKuABki4/vkCqnnpH2FZrmdkVoYbYND8dydkIbsics6RlSshn668),Of Casablanca,Mixed/Educated Moroccan Arabic,,"Male,Female",2,Casablanca
Casablanca_1-07_16k.wav,لينا و وتيستقبل المشاريع ديالنا بكل جدية وكل اهتمام يعني هداكشي تيجي بمراحل بلا ما ننسى أننا استفدنا في إطار المبادرة النقل وسيلة نقل minibus minibus minibus minibus اللي حاولنا نديرو له l'accessibilité باش يكون accessible لهذه الفئة هذه فيه الولوجيات حتى هو استفدنا منه هو اللي كنستعملو حاليا,Casablanca_1-07.wav (https://v5.airtableusercontent.com/v3/u/54/54/1780862400000/m7n_nLIdAUt_rU8t3dzxtA/KWZDiK6BReLkDwfhlyQEeCKD1EjuPKjzfX6OItm6Ah8oDDsE9T5dOqpQ6df-EX3fSWOwETBMmchYTp9MlJdV2AXQXIOeKZkk6FcR6agRn4if-AIRBUmhsXS8K_MHesKpKq-hG413z2zMkoJZXr83vQ7-auHOaObjEBLr_b4XE6M/Ok8_UfJGZbxlA_kpj_ikBEdfYrZ3EnQU78eEIrKBQUM),Of Casablanca,Mixed/Educated Moroccan Arabic,French,"Male,Female",2,Casablanca
Casablanca_1-10_16k.wav,المدينة وخارج المدينة كتلقى مدعمة من من من المبادرة الوطنية باللوغو ديالها يعني ملونين لخضر ولحمر اللي ولا غالب علينا نشوفوه دابا كيما كنمشيو لسوق النموذجي كنشوفو بزاف المشاريع ديال تندوي على البوبوش أنا المراكز ديالهم المراكز ديال التعاون الوطني كندوي عاوتاني المستشفيات يعني أن المبادرة حاليا كنلقاوها باللي مركزة جميع الميادين في الصحة التعليم التعليم الأولي يعني,Casablanca_1-10.wav (https://v5.airtableusercontent.com/v3/u/54/54/1780862400000/z8maQi_O0e9G_ysd-Qbsvw/TekB8ua2KBoSwPFE0OQ4HjblB4CDu4u3NcWKOycvkIeGub3bNgk3V8folkgIuULsr9upRCaE_lmbPa1P3wYKLC3oeUFdAw8ke2_b-I-Jn_AUvZd3CPdIfMVLN5Je9E8nzrv8cCfCU0LfWHQIkJNfNRzTXVwRv4np_nThG2JYW8k/Yw6DrBnCprz5y3WP6gXEydk0GLQxtv4-H8DohlUWy94),Of Casablanca,Mixed/Educated Moroccan Arabic,,Male,2,Casablanca
Casablanca_1-12_16k.wav,هو أنا راه عندي سبع سنين سبحان الله بحال الفكرة ديال أنني غنكون مقاول راه من صغري راه ملي كتسول دري صغير ولا شي حاجة كتقول ليه واش تخرج طبيب ولا شي حاجة كتقول له غنخرج مصور شويا غريبة راه صعيب باش تلقاها فهاد اه صافي بقات من تما بديت بديت كنت كنقرا ديك الساعة في السابعة إعدادي بديت كنصور غير بواحد التليفون كندخلها بداو الأصدقاء ديالي تيقولوا لي راه ممكن تدخل التصاور لل PC تلعب فيهم في Photoshop كتجيني شي حاجة غريبة بديت كن غير بوحدي,Casablanca_1-12.wav (https://v5.airtableusercontent.com/v3/u/54/54/1780862400000/GcUv6LC519WjcY1nYuOhKA/kYhor2vrj4dkn9k4DBhFfECxP4aLll44KsLbHfxkdgA6O8s43baKcG-l6Qqvzaj6sCnSy8rGKmReZQFTXjjgXEodEfEKVvOVIO0AEMPmOnTiA5iCsAxIDf4ScUah_oQh56oRjeCaUgXQEgaOj9ZedXQ512YsALG7N-Ud5i3gIc8/rznn2e0Ig9R6tp7oPG-1Wek0JeigYjDWAZxj58RfZIE),Of Casablanca,Mixed/Educated Moroccan Arabic,French,Male,2,Casablanca
Casablanca_1-14_16k.wav,هدا هو الأهم. كيما قلت لك قبيلة دوينا على كيفاش جات الفكرة. بديت كندخل التصاور، بدا تيتشهر لي هاديك الساعة ما كانش Facebook كان غي Skyblog. يعني بدات بدات من تما هديك انطلاقة. من بعد بديت حتى خديت الباك، من بعد درت تكوين مهني فالصيانة الكهربائية. كيما قلت لك قبيلة راه خصك تقرا المجال ديالك. شي حاجة كتحبها علاش؟ غتعطي فيها وغتنجح فيها. حيت بالإضافة إلى الموهبة راه خاص العلم. خاص العلم، اه، التكوين.,Casablanca_1-14.wav (https://v5.airtableusercontent.com/v3/u/54/54/1780862400000/dbn_KAohTGRGVsxq8RdCAQ/hUBhnfxfbHGJtQ9idDtrgDFZfw0t7OAwcjHAIQZuV4MiQNFueHUtPxOGTq8rlZjbTj6Ll-Ydt8nwArP3Xc--QUm3mLmyCI-6AEF1EMvS1vHgsKKSX2afOy0xFJW5Mxy1wUmsXj3RB7ASjTfgQAfvYROlodZs7SYU4QEVuerD9VQ/P2oanA_VA2NmOi62_Rta92d9XcrS7V8dgvTUMlbRMzg),Of Casablanca,Mixed/Educated Moroccan Arabic,French,Male,2,Casablanca
Casablanca_1-16_16k.wav,مع واحد الصديق كان شاد التصوير مع المبادرة، صورت معاهم، سولتو، قال ليا راه كيدعموا المشاريع، صافي بديت كنبحث عليها في l'internet. 2019 كنت خدمت مع واحد الصديق ديالي فواحد المشروع كان عندو un video على على المبادرة الوطنية وسولتو، قلت ليه شنو الطرق كيفاش كيدعمو، شرح ليا هو ولكن قال ليا راه راه ممكن تلجأ للمراكز ديال المنصات راه غيشرحوا ليك بزاف. ما ما كانتش الفرصة، تسنيت حتى لكورونا بدات الفكرة ديال المشروع بدات كتثبت ليا و,Casablanca_1-16.wav (https://v5.airtableusercontent.com/v3/u/54/54/1780862400000/sHuLtXbXdGyNtgiJ5Ggh1w/sqm2Tv2vPQ2KXx3KbtFRKSO7chNLvzMMHtYyHcxnDfhx_HAL2_vqVFRNI6-fkmONhjarpfzAdUkh1P0iCfhw_rxWTVycAd3_dvFcqKSUavkPF5waoZIvBHDchF0rzeFqolTLCg6BrrhBBCZro1NiXsPB7Qsj0OKEQ-vNuccnGcY/h0Nb7JxdVVTlN1w6ZGOOUcLer3Jos6MFzqFKnjYvmNk),Of Casablanca,Moroccan Arabic,French,Male,1,Casablanca
Casablanca_1-78_16k.wav,يعني دون إغفال الاهمية ديال البرامج ولا المكتسبات ديال المرحلتين السابقتين الاهتمام بالراسمال البشري كيركز على عنصرين مهمين هو الأجيال الصاعدة والإدماج الاقتصادي اللي هما كيصبو فيهم هاد البرنامجين هادو اذا البرنامج الرابع اللي هو الدفع بالتنمية البشرية ولا بالراسمال البشري للأجيال الصاعدة التنمية البشرية للأجيال الصاعدة كيستهدف محاربة الا بغينا نقولوا المعيقات ولا المعضلات كيفما جا في الخطاب الملكي,Casablanca_1-78.wav (https://v5.airtableusercontent.com/v3/u/54/54/1780862400000/G8vzrOSNaF_pv0ZyB0VbPQ/dPEo33CD15mRm1r3s68bvwS5pur8KV0P8yCtH9DFG2Is5zuGAaUMXU-TAex-B4WSjydr5klm6-wtnUcIOV71kZi1QFHuA3TaEVEqPxkRpMkWrJM3I1Zd7WSpcs3DZznj8kMvvvGLXt-ikHtNXUlG2YaHBMK4rSvyvKLfDs0A09E/2y8ZmFdqReq1TJ2QdLSgRnCheGoQwo6bBwD8AH9PfzE),Of Casablanca,Mixed/Educated Moroccan Arabic,,Male,2,Casablanca
Casablanca_1-79_16k.wav,التنمية اللي ذكرتو بعد قليل معيقات التنمية من الجذور ديالها، نعم donc من خلال التدخل مباشرة في حول بواحد النظرة استشراف، استشرافية استشرافية مستقبلية لأجل محاربة كيفما قلت هاد المعيقات ديال التنمية البشرية مع التركيز على الطفولة المبكرة كمدخل أساسي لتحقيق واحد التنمية تنمية بشرية مستدامة كيفما كيصبو ليها سيدنا الله ينصرو، نعم هذا البرنامج الرابع فيه واحد ثلاثة ديال المحاور أساسية المحور,Casablanca_1-79.wav (https://v5.airtableusercontent.com/v3/u/54/54/1780862400000/NUabKe5KGSRf2lIXQfSOVg/8wWujMI_Vtm1SBaUA9lqOavXLnU_Gb-c_XLBkVYzoiBv7BU1Jbg-YGmoncQCDKL1oU-KKWCerb0KyRS2qpPyW-VIE0IVPvPkCA8rHnoyH1yu8Hy-qxxD-6-jWxHWMR0gQdBMKBgQq3A3Vju6XjXMNw7bzhEloRM6IpCtkhWU1eE/Ibh30RgyQSLXPH5ZCnxKQ2RPBRo3WnsPq086KgjuPG0),Of Casablanca,Mixed/Educated Moroccan Arabic,French,Male,2,Casablanca
Casablanca_1-96_16k.wav, المسار الأكاديمي ديالي فمن بعد الحصول على الباكالوريا شعبة العلوم التجريبية التحقت بكلية العلوم بن مسيك سيدي عثمان حصلت على الإجازة في تطبيقية يعني mesure physique contrôle non destructif المراقبة القياسية والمراقبة غير المدمرة من بعد التحقت بالـ L'ENSAM Casablanca يعني المدرسة العليا للكهرباء والميكانيك فالماستر يعني ديبلوم الدراسات المعمقة آنذاك، نعم من بعد التحقت قبل ما نمشي للجامعة,Casablanca_1-96.wav (https://v5.airtableusercontent.com/v3/u/54/54/1780862400000/a1A6N-y1kfDLI4YRIcWvOQ/0jG-U7Gn7FMKYOICFZZKUkvN1EPADhJqBgndc22L5AWXg2vs-IZG7ZKu5DiJ96uIfz1AgpmRsqxHP7FsHyIhpGHRoZNcHN6aUmU6JIObpCJhD2-LD5jrrsJcHcoTgcYoJ4qPIHS3MpkKWAdz2utUA7uxKs5ZqFCyminMM2cC9fE/WygRVmzNfvFsmqAMz2DqrDg8RfUWoVCD4GTPWIFNnzc),Of Casablanca,Mixed/Educated Moroccan Arabic,French,Male,2,Casablanca
Casablanca_1-97_16k.wav,التحقت بالقطاع الخاص يعني بديت المسار الأول ديالي في إطار الصناعة الثقيلة التعدين يعني تحويل الصلب كذلك التجربة الثانية في واحد المكتب دراسات الخاص ب les CND le contrôle non destructif من بعد كذلك التجربة الثالثة كانت في قطاع السيارات في واحد الشركة ديال الكابلاج أو الأسلاك الكهربائية من بعد التحقت بجامعة الحسن الثاني، نعم بالضبط في l'ENSET المحمدية ومن أنذاك وأنا كنشتغل كأستاذ,Casablanca_1-97.wav (https://v5.airtableusercontent.com/v3/u/54/54/1780862400000/46uPKuRS6GWS5QAxryvJIQ/5ik2U4s_LfGo4HK8pw-51uMu0r62dWXSHERm1yRH80_35pBjYz0DZ-dYdx5i71dX69MBMGtwHbjf4dCN1sgqDo1j2LNa1fePxqryu-YXR59Kbiw9czX5qzmaVvfXuv2xex1GMS6yP47bgWbx-4tY0pCONuQ9CRlNpB_GhtSICo4/6JO5jWYQTKnDnzC7IJIzvxSpF8Knxpz4_W7Yk81yokg),Of Casablanca,Mixed/Educated Moroccan Arabic,French,Male,2,Casablanca
Casablanca_1-103_16k.wav,المأمورية ديال التكوين ديال هاد الطلبة وهادي طريقة ناجحة لأن الطالب فنفس الوقت كيوجد داك المسار ديالو كيوجد الدكتورا ديالو كيكتسب مهارات من بعد كتكون زعما الذهاب ديالو إلى الإشتغال كيكون سلس كيلقى والتجربة راه عاشها السي عبد الله مع واحد الطالبة تبارك الله متألقة و دغيا لقات زعما المجال فين تشتغل donc عندنا اتفاقية كيما قلت لك السي ياسين مع مع المركز,Casablanca_1-103.wav (https://v5.airtableusercontent.com/v3/u/54/54/1780862400000/aMXsf-M6Nd6qNGtsOuk19g/ubC98FbZgpobW716WlU46F1loFQnZAsk_3QqS5aUTdBqBURVeguQgUD4FOIQ0Cxf0ypZJQ2cz4YtarlMr1dgqjT2a5_oQVdRZMwBXxckCedoV419hESKAALowEuwSvpC1WDtvUNLOndSZP7xZkKfcTPvW50CZ-a2oNJ15WcO1CY/_Y45Oe-z07HgzIKG5fpfVCSgO4gDkSfVJ68k4AkP_7U),Of Casablanca,Mixed/Educated Moroccan Arabic,French,Male,2,Casablanca
Casablanca_1-105_16k.wav,لي كتعيشها أو لي كتحل واحد المشاكل لي كنعيشوها يوميا لا في مسائل l'emballage ولا ف زعما كتسهل الأمور. وهنا كنبغي نأكد على أن هدا راه عندو واحد الدور مهم بين المؤسسات الأكاديمية والمراكز التقنية لتطوير حلول عملية لي كيقدروا لي غادا ترجع بواحد القيمة على البلاد ديالنا ونمشيو إن شاء الله,Casablanca_1-105.wav (https://v5.airtableusercontent.com/v3/u/54/54/1780862400000/MzjrdRMw75Y5VY06c_SEUg/yQJzpydCdsEfvE0H6I6tK7LY6aEvbPwuVb97iCG_F3HeQtqRzEA8eP4HbdnJxqPVT0a21ETGN-bpOZodOCUJfCfBCJD5Zgq6AJ38UbWd-MAoKzubx_e-uUZR23wiGgfPsUIP-iCo45XjNUhRPKQHBfUM6MAkMbhD-MclquDQoqI/0_xkWD54aIbEO1d1OMYBKIEAlukySFHfINgo2gUV34A),Of Casablanca,Mixed/Educated Moroccan Arabic,French,Male,2,Casablanca
Casablanca_1-120_16k.wav,الحمد لله وخا ديرو التكاوين مثلا الحمد لله كيما قلت لك قبيلة الهدف ديالنا تقريبا وصلنا ليه من 2021 لدابا وصلنا للهدف ديالنا بحالاش؟ قبل من 2021 كان معدل الوفيات بسبب البرد القارس ثمنيا حتال تسعا د الجثث داخل المدينة. دابا إن شاء الله فهاد السنين من بعد ما ولى هاد المركز صفر. صفر. الحمد لله. بسبب البرد القارس. تنقول لك صفر في العراء بسبب البرد القارس. ما بقاوش الناس كيموتوا بسبب البرد القارس. كنتي قبل,Casablanca_1-120.wav (https://v5.airtableusercontent.com/v3/u/54/54/1780862400000/kxcmwAZCDuIP34RineDwkA/Z8upeiQ8vItzAM7I5XKy2FQy5mqZbIbVVRK8dp1ouXYAhxuqV9xAc7uv2j7tkUaY_kjYl3BhCDySMKT8xGNVMtL9xFDEOmQSjJ21-UhLkkpY2y16F97TJ-xk8DJ3ZabKbrCkrn_czmzg_JwlDFnMpm4LOZOikaYzY0bK6ouxJ1U/4kigm-WAfhK_mgOlvvg_9DnuDEl03gW2kDFbJIVdOvw),Of Casablanca,Mixed/Educated Moroccan Arabic,,Male,2,Casablanca
Casablanca_1-122_16k.wav,جمعيات على مستوى الدار البيضاء والرباط هي كاين ناس مدمنين موفرين ليهم الماكلة الشراب النعاس لبس ولكن كيخرج الصباح حنا ما كنشدوهمش نسدو عليهم بالتأكيد كيمشيو الصباح يجيو عشية ولكن كيجيو عشية فواحد الحالة ديال الإدمان وعندهم رغبة باش يتعالجوا أنا في التنسيق مع بعض الجهات بعض الجمعيات المختصة، واحد لقوس ما كاينش مركز ديال طب الإدمان في في خريبكة؟ لا لحد الساعة ما كاينش ولكن لي فبالي هو المبادرة الوطنية والسيد مولاي هشام العلوي المدغري سيد عامل الإقليم خدام بقدم وساق,Casablanca_1-122.wav (https://v5.airtableusercontent.com/v3/u/54/54/1780862400000/GCLk_ov4VHXjTybDcM4Afw/Fx5sMwCKjh505wh3gL6Ssqm75dCGPcqtE3cYT5UGoqzKOT3DtR0NgedpXaI4-KI9CGaws3vJhMu5CoR_pD673N6bCoa59N-5CGgoZOKqwl-fyzYFJMoQv_kuqlkSSpw6UPmsjysH5qNX7npDivO9rStrpdGIISiNo-zafj7csFM/BT2ApJcMRuOTMj3JqG6Lb4q3-Q7boy0IcCkRms3z4QQ),Of Casablanca,Mixed/Educated Moroccan Arabic,,Male,2,Casablanca
Casablanca_1-147_16k.wav,المناقشة تا هي كانت مع مع الجامعة عبد المالك السعدي ديال طنجة طنجة نعم والطالب يعني طالب من من من دولة طوغو يعني ما كاينش انفتاح غير غير على الجامعة يعني الإفريقية دونك أجانب أجانب وكان وكان السي السي professeur طنان سهر على على تقييم,Casablanca_1-147.wav (https://v5.airtableusercontent.com/v3/u/54/54/1780862400000/fFQpVBTIkm8Rcg34lBZz9A/SH-J2J09y3hMZhiugar-7jOAP2gC1pKnz2jgs5HHfeijhTu8S8Bc5Bwp5NGqsdvwPo4mwjdud1UKV0JnHx-j7VtYENUy5IQJ5Vobas6GxfBmeaddmU0TsuunLNQwFCbKiCEQUHvno7Zg0tEYdOhDUXc6ZhtpqdS_3913H7azYSk/uCOuC2S2yOSO_UNyNAtCKQKfpKr5LuS7XFZFUAISSl8),Of Casablanca,Mixed/Educated Moroccan Arabic,French,"Male,Female",2,Casablanca
Casablanca_1-148_16k.wav,العمل الأطروحة اللي اليوم راه طالب كمل كمل الدكتورا ديالو وما زلنا زعما كنشتغلوا على هذه الأطروحة حيت ما كنشوفوش المنتوج غير les filtres ولكن المنتوج اللي نقدروا نستعملوه كما قلت لك عدة عدة استعمالات صناعية وكي ما قلنا من أجل الهدف ديال صنع في المغرب,Casablanca_1-148.wav (https://v5.airtableusercontent.com/v3/u/54/54/1780862400000/sZ0S8cHs8by6UBPeAYWbOQ/OmLNBIlij-XOFAAejhCjBAVfftJ8aEc-RihIttOOX8bNMzBHw3vDwGmPgoFjtcwrOkRuvK4lz0v0Di55bdR84WpInCd2lvq6okIO2v2bI4kM-xItA5wGdUB3mwRW6MK8DkSuEKPJ2cBSrEcsxkAR1cPcaknoE2MEuBG3o9GPXWE/vxv6jeNkJkVdADnPMH4rCHR_J0_n-KO6doWHl--I-rM),Other,Mixed/Educated Moroccan Arabic,French,"Male,Female",2,Casablanca
Casablanca_1-164_16k.wav,الدكتورا أو الطلبة فسلك الماستر أو فسلك المهندسين. هاد المجالات هادي اليوم لي كتم يعني احتضانها و تطبيق ديالها على أرض الواقع في مجال البلاستيك والمطاط وكنعرفو اليوم يعني تا داك الدور لي كتقوم به الأوراش الكبرى فالمملكة المغربية بأنامل مغربية. كيف كتشوف سيدي الفاضل هاد الشراكة هادي وأنتم نموذج فيها ككلية العلوم لتطوير,Casablanca_1-164.wav (https://v5.airtableusercontent.com/v3/u/54/54/1780862400000/RP-3C8ijVOZIrVTvZD7jeQ/73zpXQT-uKIshVYQP4lvulS2v9jWD8IbBURbMbR9Am2GZrpbEnIAwbJQFc4IqP6VJDJh8FZLsYYiWgsj6lrEIyjmfR9BiEeMNcWMo8iURIjr2jfhrVyaea7nVqfsyxWzY-9fOwAKN2KWX5bHy3YUUmkQsJcNdbBJ6Yl7wlP37lk/a4T52blTz53zn8-5grTCpJ33N5KlGtNMPiicHZ_4IbM),Of Casablanca,Mixed/Educated Moroccan Arabic,,Male,1,Casablanca
Casablanca_1-208_16k.wav,احتضانها و تطبيق ديالها على أرض الواقع في مجال البلاستيك والمطاط وكنعرفو اليوم يعني حتى داك الدور لي كتقوم به الأوراش الكبرى في المملكة المغربية بأنامل مغربية كيف كتشوف سيدي الفاضل هاد الشراكة هادي وأنتم نموذج فيها ككلية العلوم لتطوير وتجويد مثل هاد الابتكارات فهاد المجالين ربما لليوم ولا عندهم واحد الدور كبير على مستوى البناءات والصناعات كذلك.,Casablanca_1-208.wav (https://v5.airtableusercontent.com/v3/u/54/54/1780862400000/EaXOkXOigz70XkBI7Cn_AQ/tG6OYgLhse0tRREhJBDp0xSHX0OVNTwGj46MTHEmVYtOfHH5syhr23ZnEl_0CQfM05gHTN3W9A9n8mBSyVHMmLfZMMEIBY8sNceP7qJ2ESGg7LeIbu6cTqBK-pqDbgzz9zhWaTdf1LE7sZONSiAUomo45f2H0ysAfx0oUfPCa7Y/4icFV_Dc9yRg62jVXiyc4zFGh-9Y-pUY9yKVqXkZqs4),Of Casablanca,Mixed/Educated Moroccan Arabic,,Male,1,Casablanca
Casablanca_1-209_16k.wav,شكرا بطبيعة الحال كيما قلتي هاد الشراكة اللي كتجمعنا بين بين الجامعة وكلية العلوم بن مسيك بالضبط والمركز التقني للبلاستيك والمطاط ربما حنا كنا سباقين لأن كاين القانون لي عرض مؤخرا على البرلمان القانون المنظم للتعليم العالي لي الرقم ديالو ثلاثة وخمسين أربعة وعشرين جاب هاد جاب هاد المسائل ديال ربط العلاقة بين بين المقاولة وبين الجامعة وربما ينص هاد,Casablanca_1-209.wav (https://v5.airtableusercontent.com/v3/u/54/54/1780862400000/WjZamFEKu1aJQnbyCJBIPQ/6iHI7ZzyU4I6kvJVsHdXRN7kfoslmfCF9KgjmHQK1vQJdA09uW1AQsqDHxXrhJn2ugDrPNK4mzm3tQWKO9xIeBlnvTn5KTRxAhGMh8sKsCPaD7WEO8iqEkfpfQvPG7-K9Y4i-y5zEpgL5P_JGRObLNl9u2TkCF3WT_yMQlLAHi0/Hl7L1_YYIzBQq90aL1k16taaK3C9BjOHMaQNg26Wh7w),Of Casablanca,Mixed/Educated Moroccan Arabic,,Male,1,Casablanca
Casablanca_1-210_16k.wav,القانون على إدماج الفاعلين الاقتصاديين ضمن مجالس التسيير ديال ديال الجامعة. غير بغيت نشير لواحد القضية لأن هاد العلاقة ديالنا مع المركز التقني للبلاستيك والمطاط ربما كنا سباقين في هذه التجربة وجا القانون الجديد اللي اللي عرض على البرلمان الرقم 59 24 جا كيحث على هذا النوع من الشراكات بين بين المقاولة وربما عطى واحد الدور أكبر للمقاولات أنهم,Casablanca_1-210.wav (https://v5.airtableusercontent.com/v3/u/54/54/1780862400000/W7_RCUBm6yNTLx6RQI7rVw/dkKfchhb_I7DVZUa8vnuOcd0YAaWHVLEl0_P9KCcy4-IC2ytqtL46sayNle4MuWCgdfY81pPajKQ7lMU41f5LPkVSYWIOattDDWPN-yR-ABn3mCbSQFiJDgz9y6y9OZOkxCB3AzGcW_rnz6X0tMtTnV5eJ_x7jwUWOb15-zHklw/rCf1ZSraUN6cIwXa2Buwd_3-TZ3nBDIlnMLRud_9bPA),Of Casablanca,Mixed/Educated Moroccan Arabic,,Male,2,Casablanca
Casablanca_1-220_16k.wav,fondamental ou l'appliquer. و في العالم كاينين تجارب ديال l'alternance يعني واحد المدة زمنية لي كيدوزها التلميذ ولا الطالب في الجامعة وواحد المدة أخرى لي كيدوزها ف ف فالمجال الصناعي التطبيقي أو وحنا ما كنمتلوش غير الجامعة يعني مشاركة بين الجامعة كاين شركات يعني راه كنهضروا على واحد العدد هائل ديال الشركات المغربية لي هادوك الطلبة ديالنا لي كيكونوا عندنا راه كيمشيو,Casablanca_1-220.wav (https://v5.airtableusercontent.com/v3/u/54/54/1780862400000/RnPk7yv8x3Fc5llACba7XA/FhQxkILyP6rlDlFAvSI9yqrOekEAQqYLJhqjJ2kHFaFjGTMycf5jH0os8kaE7UaEWdFz-beJA3R1TrO0aZY2ax6NCJ902IM84jX0EO9YElysEe6w10O4wiKwTRgByUkHIFUo8rK_4upxY-slIwBjevZdjBWk7VJwpmu96uAPG28/_LBv5hkGp3_t2iJAnWS0Gx4t7C1HvD_c2ovZ8B73tDA),Other,Mixed/Educated Moroccan Arabic,French,"Male,Female",2,Casablanca
fiP9o14dgoc_segment_01.mp3_16k.wav,أو ديال المسؤول أنه يتحمل يتحمل يتحمل في إطار المفاوضات ديال العقود. لأن تيكون واحد الضغط ما تيخليش لك واحد المجال وبالعكس واحد الرقعة أنا غنكمل لك أسي فؤاد باش تفهم الأمور كيفاش تتم. دابا ملي تيكون واحد الضغط ما تيخليش لك واحد المجال زمني فين تنيغوسي على خاطرك وفين تفاوض هذا اللاعب ولا تفاوض هاد الإطار ولا تفاوض هاد الممول ولا تفاوض. ولكن هداك الضغط والضغط ديال مجموعة ديال,fiP9o14dgoc_segment_01.mp3.wav (https://v5.airtableusercontent.com/v3/u/54/54/1780862400000/taIW1NN1SpEJiBSXUBtJhw/FrgpPtTdvlwqyHfL1BLj_J4iTkIEmWKqXj8wRJd0NZxNxWIaY88Op2SU-1SCm3QEvnLpDtJdTObpcIG_kcYB1nq8WorTVyOC6KXqdXPW_ZhMKn1MbPWAAY4ShfSAksCIkzoegHYmGkOKOOe1kiAUbhf3nksBe-8S-E-Yc9-4Q7KITtGUfdik02U209980nN9/TXItmwOVMDgU_OcFaGl-vipNj9MxBFgMiLCUJNop-Nc),Of Casablanca,Mixed/Educated Moroccan Arabic,French,Male,2,Casablanca
fiP9o14dgoc_segment_04.mp3_16k.wav,غادي ندخل معاك فالسنة الحالية أشنو لي دار معاك نتا؟ والله يرضي عليك تمشي ليا للولى عادا نجيو للثانية لي هي التدبير ديال هاد السنة لأن الفترة لي غادي تفوزو بلقبين عندي أرقام بأنكم نتوما المكتب بوحدو لي قام مقام بودريقة وهو خارج المغرب أنكم جمعتو بعضياتكم سبعمية مليون فكيتو واحد المجموعة ديال الديون ثم أنكم استطعتو تحيدو تا المنع وعاد دخلتو على نفق آخر هو لي غاتجي فيه نتا من بعد.,fiP9o14dgoc_segment_04.mp3.wav (https://v5.airtableusercontent.com/v3/u/54/54/1780862400000/lZeptii9Nn6ygI5E-vGMZA/fm2kXgzroWWCHUF5VXK6J5H1tSHDl_wgXdX16kVlZTqrg3LMtMcI4GjoQ1P62rbs-yE12nnY7wBsBl3pp341zKFwllxq7-wzfHjMzK-UfcwPH7RPBXCs8nBZrkRtq9kHltEn-kgZcHHxKXV3ssZiG0bxGL0ASlZQDMpYCSjp4Fvx8ohHhG6vt-ou26lUDs0K/FXLiHp31Ah5ggaDB95eIou5W-oi3ZniS1sZ36HT4XxY),Of Casablanca,Mixed/Educated Moroccan Arabic,,Male,1,Casablanca
IlOIlpmUT1Q_segment_01.mp3_16k.wav,فتارودانت. و من 13 العام جات للدار البيضاء، حيت ديك ليامات كانو الناس ضعاف مساكن. اها. جات للدار البيضاء باش كانت غادي تبغي تمشي فحالها تا هي لإسرائيل، باش تمشي ت تخلط على باباها. ايوا عرفو ليها الوليد. عرفو ليها الوليد فتقريبا من شي عامين من وراها يلاه جات خدمات فواحد لوزين ديال لوقيد ديك ليامات لعيالات كانو,IlOIlpmUT1Q_segment_01.mp3.wav (https://v5.airtableusercontent.com/v3/u/54/54/1780862400000/6PtsMGuJYPomj6D8AI0y6g/81z3Yf8ON17vYPVt0OJWFv2ALqvEb7lReSEtxJ2oNEuGGPKkkCY_VhNHilG4BeoOJX3ybfzJmjWUwvRTGdyc5qfM4b2Lz2i3qusKiGcInWzzDQeI-ISAYYerfdyVAHCSvrVTG8tbwfqHe6ia_mIfT-mRxurqESH76IPaExIEK2CBL4SchHu1VAUgU71_yfYE/7zRunX0LkDUbFtZfLpTr0aj9CCh6uYxdIfg4qHGsgz8),Of Casablanca,Moroccan Arabic,,"Male,Female",2,Casablanca
radio_20250704_113352.mp3_16k.wav,أنواع ديال الأسمدة الورقية. أسمدة لي فيها عنصر واحد أو أكثر من العناصر المغذية الرئيسية. l'azote والفوسفور والبوتاسيوم. أسمدة لي فيها عنصر واحد أو أكثر من العناصر المغذية الثانوية. الكالسيوم والمغنيزيوم والكبريت إلى آخره. أسمدة اللي فيها عنصر واحد أو أكثر من العناصر الصغرى. الحديد، النحاس، الزنك، المنغنيز إلى آخره. وبعض الأسمدة الورقية يمكن تحتوي أيضا على الهرمونات أو الفيتامينات أو البروتينات أو الأحماض أو الجزيئات العضوية الأخرى ولي يمكن تحسن تغذية,radio_20250704_113352.mp3.wav (https://v5.airtableusercontent.com/v3/u/54/54/1780862400000/Gz0omGhAg0LaA4a899jo9g/CKtlOlUiQrHRnwz_7hNWQdJFAnFnYgrV4cwKr2KfFStQUEvjeFvdO1_pfIWclwK0fkXR8Ep7SvPFY8IuBdsQtAiYSW5LVxdNuR5zcYiVen56fnRVqcsW7UJgJWnpyCgnXEiS-vML-uS7kmnZ1Y7NGdn7mQHvhsDCJi-rjPC7AFcocH34FULUGM8GBS9nmBdS/Qh4cVAYusRrLxhpT-1sYT5ZjU6SK6Txz39lki3WxMsk),Of Casablanca,Mixed/Educated Moroccan Arabic,French,Male,1,Casablanca
radio_20250704_122316.mp3_16k.wav,انني زعما تتسمى هادي واحد النوع من الاستباحة. راه مباح. شوفوني أنا ها هو دخل لهاد الدار هادي مهجورة، غدا فبني ملال واحد غيدخل لعين أسردون، واحد آخر غيمشي لشي مبنى قديم، شي موقع. واحد عندهم واحد السور حداهم يقدر يمشي يحفر فيه. فين ولينا؟ إذن تعييب وتخريب والتشجيع على استباحة,radio_20250704_122316.mp3.wav (https://v5.airtableusercontent.com/v3/u/54/54/1780862400000/NNmMAc-itTeGtPUYcSb_hQ/A8alOQp52ySigL9T-tJ9gT9yyEXC2qCRTdKYnesEI7hz1PLgk-lOheg7gxFO3DAO5diFMiEywB6E2pEgi0-S9He8MSuRoF_F1Qtpr6KFeZW6ueDhYBWKekOFLR_Wh2fADDBZTqHgE8LXsXnmKeWRLz6G93opyp0JUpbbLtu_IBxmDfL3fhcJu5IYoXnog-9y/RbVHXc7rJDoC2IWKVy3DVCqjANmeD0DxIo5cbVIhCC8),Of Casablanca,Mixed/Educated Moroccan Arabic,,Male,1,Casablanca
radio_20250704_151811.mp3_16k.wav,مع الكأس الكأس الغالية صراحة لي من وراها يعني كانت احتفالات كبيرة جدا في مدينة آسفي فملعب انطلقت من مدينة فاس صراحة من المركب الكبير ديال مدينة فاس واستمرت أيضا في المقر ديال إقامة الفريق لي بقى في فاس حتى ليوم الاثنين من يوم الاثنين يعني الوقت لي كان الالتحاق ديالو بمدينة آسفي كانت حشود كبيرة جدا ديال الجماهير اللي كانت كتنتظرو في في كل الشوارع ديال مدينة,radio_20250704_151811.mp3.wav (https://v5.airtableusercontent.com/v3/u/54/54/1780862400000/J4GRVPj5tK_s7h4p17AgPA/ip_m6xCt9go3AVFu5Nb8y0bYyMSnTpCIBSRPd6sNSQRjTHDO79xVeevhopOAtgPqP9-c5zj582n0z4gnQn8OHW13eWBQpcpOXBDw3o0AUoPoNy7CPqDM5i-Zc_GULg92EhisTKsuRUsEp6_NY-Ve5ACgHCvqs_YnqeHjMoOs2ynQVm6XVHWqoA4zVh2w-532/INOI37c30T2jlEmS0Ib13nyRjeEEHRYPGEaLOiMOJk0),Of Casablanca,Mixed/Educated Moroccan Arabic,,Male,1,Casablanca
radio_20250704_151941.mp3_16k.wav,كيعطيو مجموعة قواعد، كيكون واحد التتبع ولكن ماشي هديك المراقبة الدائمة، الرقابة الذاتية ديال لوليدات على دواتهم، على التصرفات ديالهم. وهنا كيجي عن طريق غرس القيم الأخلاقية لي كتدفعهم أنهم كيبداو هما تيميزوا بين أن هاد السلوك إيجابي وهذا سلبي. قاعدة أخرى، يقول الكاتب لا بد من تحديد الوقت المناسب للتوجيه والإرشاد، عدم الإكثار أيضا من الملاحظة,radio_20250704_151941.mp3.wav (https://v5.airtableusercontent.com/v3/u/54/54/1780862400000/XmpvoFmtHesPJuRoguiDBA/m6cmetjZfmZUZWRAJwkwdytWp4OUCLeuQs6Dg__GsvH7Y6I9rG91rsJGrL1otwbEGXnYccIObwvdjpVKkoB0OzKsk_OKDsgE8kdbkEu-w9h0lmCsFCIXEOLInZ0QKOVTa7MCZDQv6x_a_Qvdiopy15Bvdxes3lH_cvpLHYL1vMvj8sZjUi5YX01tLFNOiF4K/a5Gg5Gkr9QlMiz3JiWJDmMCq1yQtXYp-5EkaKE-1Qr8),Of Casablanca,Mixed/Educated Moroccan Arabic,,Female,1,Casablanca
radio_20250704_152005.mp3_16k.wav,بيضاء فيها أكثر من تسع شقق. هاذي نستكلف فيها بالتنظيف تاعها، بالبرنامج اليومي تاعها تاع الحجوزات العائلات. و bien sûr لازم الهدف تاعي هي استقبال العائلات كي يجيو لتيبازة. كيفاش نستقبلهم؟ أنا نتكلم كسائح. راني جيت، يعني أول شيء هو نتصفح الصفحة نتاعك تاع التواصل الاجتماعي. يعني واش تقدم لي كسائح ولا أول مرة نجي لولاية تيبازة؟ تفضل. حاجة سهلة، كي تدخل الصفحة تاعي سلحي إسلام في Instagram، راك حتصيب كامل الشقق والمنازل متوفرة,radio_20250704_152005.mp3.wav (https://v5.airtableusercontent.com/v3/u/54/54/1780862400000/EUD9_Z5B9kUm0i3vaEuoiA/nkEfMkQ_OnDjJYJhkrK8mhlEhxT2BXUX2THuq2fl8b6038Y4yhXUc3WkIf0gO23h9xBDp5X8I7aYFxR2hTEsvqMePiYlhVmGKs17yNgO2eCsHxpHl6qjQSfjEWFIsb1k9f10m0ggOdBdBKOIfxQLLlZz4TF2_7VK-6ETilfeBOJk1pm0uGiYElp63bCxXEZA/mkn7V9cJDh7ReQvLpKN4wh_4siRzVamt4mUlOadu3AQ),Other,Mixed/Educated Moroccan Arabic,French,Male,1,Casablanca
radio_20250704_184858.mp3_16k.wav,يقدم عليها منها يعني إعادة ترتيب الأمور بالنسبة للفئات الصغرى وكذلك كإلزامية خلق فئتين جديدتين سواء بالنسبة للفريق النسوي أو لفريق كرة القدم داخل القاعة. غادي نبداو بأخبار لي كتخص الفريق الأول، الفريق الأول كيما أكد لي الناطق الرسمي باسم الفريق سي جامع بوحلموش على أنه في الأسبوع المقبل غادي يتجمعو اللاعبين وغادي ياخذو المستحقات المالية ديالهم و,radio_20250704_184858.mp3.wav (https://v5.airtableusercontent.com/v3/u/54/54/1780862400000/e9KRSR0pGB_rmz7P6TyWjA/iGCZeDW6k_rA_aHmki7X3qO27zXi43VzSdiGr3C41Gg9CX5Q-b8B0I2HZ_61nyhyQ81FXdEpwkuDR4KL6GSZN-demkoN0f2WHxixMpXpFhNv8vN3YwBx4LDEeWoqsdw1NwJZKolJMEBWK1FJ5FgDz0rgo3Ivps-hoTAapvct-FQfd6sx3A6JN0FlEpFqe6Dj/pyn3fJZxkAcBCda2ug83JlHSeSKWSx0ECgjoZ3PO3-Y),Of Casablanca,Mixed/Educated Moroccan Arabic,,Male,1,Casablanca
radio_20250707_132215.mp3_16k.wav,يعني كان عددهم كلهم 26 قسموهم إلى ثلاث مجموعات رئيسية لاستهداف تخريب خط السكك الحديدية الهاتف وخصوصا مهاجمة ومحاولة اقتحام دار الجوندارما والهجوم الأخير هذا هو لي ترك الأثر تاعو لأن المجموعة هادي الأخيرة قادها الشهيد محمد الصالح ميهوبي العربي بن مهيوب كان عددهم يعني تسعة أعضاء أو تسع عناصر مناضلين قاموا باستهداف هاته الثكنة,radio_20250707_132215.mp3.wav (https://v5.airtableusercontent.com/v3/u/54/54/1780862400000/hk4VXjzvXLEF9g893vw4fw/SwHKoXQmrYnWr3HwVZmkn8t4wK5c3Boo_Uw73rlwmpN3ZqvQSQN8fvUW7ScK3sxrjI1SlcMZE3aY1nYYI_hxl3i7AHczlCcBLOB7a_T2lnccVedb9axj62sHk85Jk6kJ4a4lL1GzpllyRJAXzAFhqnG9ga27OGsUuUHbW4aqaIUk1yHAFLhbSua7T6cqgusH/VHGcgJW4Cp0Ac2JgxKuCmCP5ugpRsG4yE4BEeb7I678),Of Casablanca,Mixed/Educated Moroccan Arabic,,Male,1,Casablanca
radio_20250707_132325.mp3_16k.wav,يعني فيها واحد القيمة عالية ديال التقنية ديال ديال الشباك. صحيح بأن في الشوط الثاني كانت واحد الجمل تكتيكية مزيانة خصوصا ربما كتعكس داك الطابع الأداء ديال ديال كرة القدم الإسبانية ولكن المهمة لن تكون سهلة أمام الكونغو علاش؟ لأن انهزمو هزيمة ساحقة أمام السنغال والحظوظ ديالهم مرتبطة بالمقابلة الجاية اللي غيواجه فيها الفريق المغربي. قلت نتمنى أن ما تكونش,radio_20250707_132325.mp3.wav (https://v5.airtableusercontent.com/v3/u/54/54/1780862400000/kQKJ0UCHbEOb1jc8VMKxag/MF9R4QiqzQ6y4WCyG02K0nz26yg7nxIU4FgmvKoONX5A5hzUEi_23QSDfvebgsrPdvAppFXqrmucQoqr6JXxJP8N8pMQ4BtIMeQkO5EREyqFGh55_9T0Ap2DmuxLU_OLW5cuzKh_q37NIqke9U4JWMC1NzXdbgVvCiL3FvuXx8zyu8Ulh8F4A7OzBdq9UrM9/9o-AT3wdJZ9GmPdYKXN3_ZSWOZshxzYr1IU0dsaab5A),Of Casablanca,Mixed/Educated Moroccan Arabic,,Male,2,Casablanca
radio_20250707_133520.mp3_16k.wav,ترهيبها وإضعاف معنويات الجنود غير أن قيادة الثورة أصرت على التكتم عن خبر استشهاد زيغود يوسف والإعلان عليه لاحقا حتى يتفادوا إحباط معنويات جنود الولاية الثانية وقد تم نشر الخبر بشكل رسمي في,radio_20250707_133520.mp3.wav (https://v5.airtableusercontent.com/v3/u/54/54/1780862400000/9N7Vpbg3_LVbUkTFFpQ7kQ/PnAbyfqI4ANA96-mT_YOMWOdBy79A0DlKK8gS99Euio0TS7EBF-18MaibT2BVhszB04vvYwODeLYiV63zDIVCSnDTYmvpyFxTFfxoQqedvbk_rRORnjHu9qO8zD_YAb_RMmooRywkPOl58IctQgeyJXy6IIdQhNyj9uu8g26s7TwysfIyPvFUWZJNzNiWXQI/t15JHgd6CtuY_6oDC9eB3LCIeyP05TbbhldFW-V5RQU),Of Casablanca,Standard Arabic,,Male,1,Casablanca
radio_20250710_222757.mp3_16k.wav,دائما أحييكم مستمعينا أينما كنتم وأرحب بكم دائما مباشرة على أثير إذاعتكم إذاعة Medina FM والساعة تشير هنا باستوديو Medina FM إلى الحادية عشر و27 دقيقة ومرة أخرى معذرة لكم مستمعينا على العطب الواقع في الهاتف وننتقل إلى إحدى طلبات مستمعينا الأوفياء يا مسهرني ولعشاق الفنانة المصرية نادية مصطفى,radio_20250710_222757.mp3.wav (https://v5.airtableusercontent.com/v3/u/54/54/1780862400000/pDivK73R8ERaQcFJ2gK1FA/S1yPdDqoprQpLaHcAbIqHCUzGBTkx0NRJQJzdfVkGD0_sNL991w3bXzyevpVIlhvBI_HdHIrhaBnkKZ2hM6HrvEhXnZU43Pk6ZlSBOgD0Bx2K_l8GeigE86UU-V2bsmO6-0BewX7jaQbT6QvXmVbg805H0ImxzoQxV_QNsI1wRPSf-wGF-LsLNWIp5EU64c6/Cdkd0uLex7pdGISTht4HRg5hGh4gX1AnfDniFOFtStw),Of Casablanca,Standard Arabic,French,Male,1,Casablanca
WwUF8uoO00c_segment_02.mp3_16k.wav,نفسي أنا افكر في والدتي لأنني كنت أتمنى أن تكون مع والدي رحمة الله عليه في الحج لأنني وفقني الله وأحضرتهم مرة إلى العمرة لكن والدي رحمة الله عليه كان يتمنى الحج فقالوا لي هذه مناسبة دائما الأعمال في ديننا الحنيف الأعمال بالنيات، صحيح عدت إلى البيت إخواني وأخواتي عندهم خبر جلست مع الوالدة قلت لها والدتي من متى ذهبت للعمرة قالت لي من,WwUF8uoO00c_segment_02.mp3.wav (https://v5.airtableusercontent.com/v3/u/54/54/1780862400000/LGGTrgAWq-fT9y1Fy5MJWg/ghTwqM2PY4q13gDb1-dVTc13uvKeNI1uWIZovbTqXTjL3roh6ZqM7tzFZNihITnKXE39UIY-cmAtBtmN2WI9q_YhWUbCKqhXlRcrFMQpVVZSlHmQnQqYL3kkKzLNX01OwY3xTQfGhZkWCjAK_u_HtwZV6bblEQcivcngOyBaJ64cyiMfl-qOalbBZihbayN9/P9rWH-QJu-Zb9A7DRlyvjrZgFuwODP-3yDjoTzUFF38),Of Casablanca,Standard Arabic,,Male,2,Casablanca
WwUF8uoO00c_segment_05.mp3_16k.wav,مع شخص زادني بها في هذه الرحلة نورا وزادني بهاء وزادها جمالا. ما ما كان مميزا حينما عرف المجموعة أن والدتي هي التي معي أصبحت والدتي الآن هي أيقونة المجموعة وأصبحت أنا كل مرة يسألون وين سمير وأمه؟ أصبحت تحت رعاية الجميع. يعني سبحان الله شعرت بهذا الأمر منذ وصولنا إلى المطار. حتى في في مع الشرطية سيدة سعودية,WwUF8uoO00c_segment_05.mp3.wav (https://v5.airtableusercontent.com/v3/u/54/54/1780862400000/XClTggedlXuHCi4cMTtS6A/9L-uh9z-2wixQUcO1a-Mlaq7hoY-I7FUHJh7McBYBi-RHGAe8odklGyClSsdwjE5161cvckl2aMFN7R3-b-4HBjvnlAHvXKsab2s4HlvviUsO0lPGCKe11XAMPKZOsJ7pezg_F-JI2wT3RTzrcXgNVkP6oRAg1UgLME0WYBabpX6-0ijInZxHtkpLAWM5tAN/mcg7l5hq7isXY2lgwB5raW1bgWRV3TTLVFf28zNcut4),Of Casablanca,Standard Arabic,,Male,2,Casablanca
yUEGR2W6734_segment_01.mp3_16k.wav,أنه الوضعية لي كانت عليها باش تحددات هاد اللوائح ديال وضعية ديال الدور الآيلة للسقوط تحتاج إلى تحيين. ديك الساعة كانت مثلا مصنفة بعض البنايات فديك اللحظة على أنها فواحد الخانة معينة لي كيمكن تصلح وكيمكن تدعم وكيمكن، الآن ما بقاتش فهاد الوضعية بمعنى آخر هاد العملية ديال التحيين والتتبع لأنه في آخر المطاف هدا مشروع لي يعني كاين التتبع والرعاية بشكل مباشر من طرف جلالة الملك وهنا,yUEGR2W6734_segment_01.mp3.wav (https://v5.airtableusercontent.com/v3/u/54/54/1780862400000/jvm3TcJG0Hmsc-a7yYdrFg/IVRIuR-0aWYhnNNOvao5aZULDO7BGd1vaaaz08B4VwE9B7lpxljrp0p2mcpns4LwyIb7ELdlq7z0kLMSYHg8fIeQjaan-uCrpGDkr6z7k18zJmQtRouy6mM8dw-ozy0cJEl88pGIk9bC5-jDl2_-Xiy0KWBcFTtnGqtU97WQevTtdKxBG_DC7O1G7imgB9GO/_LkasEs3zp30ci1dhzyfhzyBzCaYQbJVlYuue0yd_rE),Of Casablanca,Mixed/Educated Moroccan Arabic,,Male,1,Casablanca
yUEGR2W6734_segment_02.mp3_16k.wav,النقاش المتعلق بالأوراش الآن المفتوحة وأيضا بحركية وأيضا هاد التنمية الحضرية، فأعتقد أنه بديتو الإجتماعات منذ توليتم المسؤولية وزمام الأمور بالمدينة، فإذا كانت الإجتماعات للمكتب المسير تخصص فقط لأعضائه فإن العمدة يكون ملزما خلال بداية كل دورة جماعية باش يعرض الأنشطة ديالو لي قام بها المكتب طيلة الفترة الممتدة,yUEGR2W6734_segment_02.mp3.wav (https://v5.airtableusercontent.com/v3/u/54/54/1780862400000/8yhHQkT0Yq4ZNKoXMkCTtQ/o4ZNoipmyTa9_PxgU1ITrVDJo6ys0gpMamENaiuhuWtFjo27i38s24D8fARWYD4BwzccvEAFvKQ5uJvBFn5W4B7PKv0Dgov94RU-XVFNAxnJRENOnjb9aFXVuyfmaIQ7YIGniGCS3mMHJYmfxATPEclQ3J7V7x0GC24Nfro21h6fZM2cPs7qWgPbh5eIKcUK/OmRx-c1fpXzYHD3rezI6KcELS6YnIAEPX_fjg1BdRHg),Of Casablanca,Mixed/Educated Moroccan Arabic,,Male,1,Casablanca
yUEGR2W6734_segment_03.mp3_16k.wav,بنا لي كيستعمل التكنولوجيات الحديثة، إذن واحد الدرجة ديال التحول الرقمي لمدينة الدار البيضاء. ديال كذلك الموضوع ديال الإشهار والإعلان في الأثاث الحضري لي هو أوراش مهمة ولي خصها تطور على المستوى ديال الشرطة الإدارية. وأشار بعض السادة يعني رؤساء المقاطعات المحاور مرتبطة كذلك بالمحافظة على التراث. عندنا من الأولويات لي سهرنا عليها في المكتب أن الدار البيضاء، الدار البيضاء ثقافة، الدار البيضاء حضارة، الدار البيضاء,yUEGR2W6734_segment_03.mp3.wav (https://v5.airtableusercontent.com/v3/u/54/54/1780862400000/NtGWU71Vf3j-G1qR_UxJ1A/lulfqD6JycXVVvNmVKPKSJzO1Jb9eZKdfWF8pY4ko-H8-w9fnc5C4_AIxZ2yao9j8EoXjAaiRCamPNOTPsGaJtAxqsV9gu8hCWhbzRM62aC-Qmjt0_YEYQvUPE9mGIq25EF_RDT79e2Mekq9HHuwo8ViebjxvpLY8xZM98NWMcB-RFFoGqOzmRT3kuG3TkCu/Bo0X2rNqb28dJz8kvvQimt8Zk4NSVqFH6tF1NSnG6HA),Of Casablanca,Mixed/Educated Moroccan Arabic,,Male,1,Casablanca
